district,City,Barangay,brgy_area_sqm,flood5_sqm_final,flood25_sqm_final,flood100_sqm_final,Population_2020
Metropolitan Manila First District,Manila,Barangay 1,49547.49,8264.85,21069.57,24194.32,2995
Metropolitan Manila First District,Manila,Barangay 2,37885.97,5076.65,16510.82,27996.49,1887
Metropolitan Manila First District,Manila,Barangay 3,38940.56,27962.09,37710.28,38350.78,1341
Metropolitan Manila First District,Manila,Barangay 4,40193.69,9028.71,26647.36,37927.32,1691
Metropolitan Manila First District,Manila,Barangay 5,24741.85,6958.36,17729.88,23759.84,1288
Metropolitan Manila First District,Manila,Barangay 6,41515.27,32870.69,39915.27,41041.74,771
Metropolitan Manila First District,Manila,Barangay 7,44040.72,20195.06,38556.59,42990.22,1560
Metropolitan Manila First District,Manila,Barangay 8,36398.19,17894.78,29467.84,30433.46,147
Metropolitan Manila First District,Manila,Barangay 9,12766.72,7660.55,12525.63,12567.18,447
Metropolitan Manila First District,Manila,Barangay 10,6057.59,5544.13,5999.13,6033.96,160
Metropolitan Manila First District,Manila,Barangay 11,13361.45,4926.13,10852.22,7714.53,2758
Metropolitan Manila First District,Manila,Barangay 12,20566.1,3337.61,7607.44,6379.39,2137
Metropolitan Manila First District,Manila,Barangay 13,12419.71,8241.27,12299.26,9904,2371
Metropolitan Manila First District,Manila,Barangay 14,14470.7,9151.68,14070.7,10514.14,2070
Metropolitan Manila First District,Manila,Barangay 15,6985.18,729.59,2522.21,1644.1,1119
Metropolitan Manila First District,Manila,Barangay 16,10593.91,4014.88,6822.84,6356.17,1477
Metropolitan Manila First District,Manila,Barangay 17,9083.65,1789.35,2663.03,2124.32,1309
Metropolitan Manila First District,Manila,Barangay 18,23254.76,4419.86,6956.85,6974.85,1622
Metropolitan Manila First District,Manila,Barangay 19,18784.18,1124.55,3271.26,4659.05,2275
Metropolitan Manila First District,Manila,Barangay 20,1372542.32,237854.05,324304.43,342564.35,45772
Metropolitan Manila First District,Manila,Barangay 25,22004.22,5591.18,12702.56,7580.1,1985
Metropolitan Manila First District,Manila,Barangay 26,19616.64,4401.82,8511.92,7199.72,2790
Metropolitan Manila First District,Manila,Barangay 28,22585.77,9168.22,12833.93,12491.25,2650
Metropolitan Manila First District,Manila,Barangay 29,72932.47,8214.86,13183.51,11815.51,4398
Metropolitan Manila First District,Manila,Barangay 30,11794.25,1597.8,1922.79,1143.23,2980
Metropolitan Manila First District,Manila,Barangay 31,17506.6,1613.97,3377.25,1818.88,2540
Metropolitan Manila First District,Manila,Barangay 32,16070.57,3431.43,6912.03,6879,1890
Metropolitan Manila First District,Manila,Barangay 33,23880.56,1634.75,5835.2,7832.47,2760
Metropolitan Manila First District,Manila,Barangay 34,11563.65,689.83,1588.49,2808.41,1650
Metropolitan Manila First District,Manila,Barangay 35,15319.71,1557.13,2841.93,4011.71,1980
Metropolitan Manila First District,Manila,Barangay 36,11737.51,0,1895.3,2505.79,2120
Metropolitan Manila First District,Manila,Barangay 37,9995.89,5769.27,7364.79,8961.14,2340
Metropolitan Manila First District,Manila,Barangay 38,13942.73,0,175.22,590.49,2870
Metropolitan Manila First District,Manila,Barangay 39,103810.6,6866.51,8721.4,11109.88,1799
Metropolitan Manila First District,Manila,Barangay 41,21122.18,15231.97,17211.62,16507.36,3450
Metropolitan Manila First District,Manila,Barangay 42,17600.88,9309.14,12946.53,12107.46,2120
Metropolitan Manila First District,Manila,Barangay 43,12922.99,5105.14,6995.19,8312.54,1890
Metropolitan Manila First District,Manila,Barangay 44,52155.51,6896.4,8515.16,8147.79,2340
Metropolitan Manila First District,Manila,Barangay 45,17654.38,825.26,4450.35,7461.39,2264
Metropolitan Manila First District,Manila,Barangay 46,16348.34,4532.26,8426.35,8252.04,2088
Metropolitan Manila First District,Manila,Barangay 47,33261.72,5210.93,16238.18,22022.39,1123
Metropolitan Manila First District,Manila,Barangay 48,16896.73,12886.12,16894.64,16494.09,4070
Metropolitan Manila First District,Manila,Barangay 49,19847.56,14467.93,19847.1,19191.82,2119
Metropolitan Manila First District,Manila,Barangay 50,35383.04,30237.41,35383.04,35383.04,4217
Metropolitan Manila First District,Manila,Barangay 51,40236.77,33666.22,40036.77,39494.7,2580
Metropolitan Manila First District,Manila,Barangay 52,26390.23,23949.43,26390.23,26290.23,2732
Metropolitan Manila First District,Manila,Barangay 53,24537.82,22037.6,24537.82,24537.82,2916
Metropolitan Manila First District,Manila,Barangay 54,27060.48,25960.48,27060.48,27060.48,1648
Metropolitan Manila First District,Manila,Barangay 55,36490.61,29638.04,34029.01,35292.98,2492
Metropolitan Manila First District,Manila,Barangay 56,53006.2,45993.29,52938.64,52570.93,3457
Metropolitan Manila First District,Manila,Barangay 57,27531,14955.11,22931,27195.25,882
Metropolitan Manila First District,Manila,Barangay 58,29865.98,26780.69,29865.98,29865.98,3719
Metropolitan Manila First District,Manila,Barangay 59,22568.24,15217.75,22368.24,22568.24,1112
Metropolitan Manila First District,Manila,Barangay 60,13617.31,13117.31,13617.31,13617.31,1890
Metropolitan Manila First District,Manila,Barangay 61,43634.66,39098.8,42961.4,43399.06,1650
Metropolitan Manila First District,Manila,Barangay 62,20672.3,14677.32,20472.3,20572.3,2120
Metropolitan Manila First District,Manila,Barangay 63,18663.57,16963.48,18563.57,18663.57,1780
Metropolitan Manila First District,Manila,Barangay 64,15426.75,10899.83,15426.75,15426.75,2340
Metropolitan Manila First District,Manila,Barangay 65,19391.5,14877.79,19391.5,19391.5,1560
Metropolitan Manila First District,Manila,Barangay 66,26446.88,5168.03,12505.11,18089.88,2890
Metropolitan Manila First District,Manila,Barangay 67,20074.61,4694.14,14188.01,19587.56,1450
Metropolitan Manila First District,Manila,Barangay 68,7307.94,1084.69,3473.69,5701.89,1780
Metropolitan Manila First District,Manila,Barangay 69,23625.74,3800,6176.8,11324.33,2120
Metropolitan Manila First District,Manila,Barangay 70,12732.19,100,100,5739.4,2670
Metropolitan Manila First District,Manila,Barangay 71,39840.15,8658.98,28759.16,36621.24,3450
Metropolitan Manila First District,Manila,Barangay 72,26753.16,6792.87,8862.52,5959.03,2890
Metropolitan Manila First District,Manila,Barangay 73,10383.71,1873.33,2107.86,2318.75,1560
Metropolitan Manila First District,Manila,Barangay 74,20036.55,14231.74,20036.55,20036.55,1780
Metropolitan Manila First District,Manila,Barangay 75,25624.72,17174.24,24871.1,25498.23,1890
Metropolitan Manila First District,Manila,Barangay 76,18288.59,10274.11,18223.27,18115.08,1650
Metropolitan Manila First District,Manila,Barangay 77,12815.55,4032.65,11662.72,12815.55,1372
Metropolitan Manila First District,Manila,Barangay 78,14718.24,14259.64,14718.24,14718.24,1221
Metropolitan Manila First District,Manila,Barangay 79,7835.2,4837.86,7680.93,7835.2,1520
Metropolitan Manila First District,Manila,Barangay 80,11686.74,5222.76,8486.74,11586.74,2553
Metropolitan Manila First District,Manila,Barangay 81,17715.15,9743.33,17086.92,17117.6,1815
Metropolitan Manila First District,Manila,Barangay 82,22510.42,9424.29,20910.42,22207.96,2642
Metropolitan Manila First District,Manila,Barangay 83,14027.89,4903.3,13334.58,14027.89,1473
Metropolitan Manila First District,Manila,Barangay 84,14568.45,2073.01,12961.76,14368.45,1141
Metropolitan Manila First District,Manila,Barangay 85,25400.76,10351.09,16767.21,23762.64,4032
Metropolitan Manila First District,Manila,Barangay 86,20757.43,6351.83,19544.79,19957.43,1415
Metropolitan Manila First District,Manila,Barangay 87,20727.23,4613.95,19739.87,20327.23,1633
Metropolitan Manila First District,Manila,Barangay 88,9838.99,7026.07,9141.03,9838.99,1096
Metropolitan Manila First District,Manila,Barangay 89,12413.25,7636.04,12413.25,12413.25,720
Metropolitan Manila First District,Manila,Barangay 90,9981.34,5304.07,9979.3,9981.34,630
Metropolitan Manila First District,Manila,Barangay 91,56575.09,18283.15,47156.51,53551.86,4552
Metropolitan Manila First District,Manila,Barangay 92,26574.05,9280.43,25834.69,26232.87,2639
Metropolitan Manila First District,Manila,Barangay 93,43862.63,22361.99,32716.62,33084.09,3960
Metropolitan Manila First District,Manila,Barangay 94,97929.38,36212.3,55976.21,76990.56,2178
Metropolitan Manila First District,Manila,Barangay 95,33345.29,9775.48,18837.99,22312.41,5543
Metropolitan Manila First District,Manila,Barangay 96,88678.52,42825.91,50700.44,49638.39,2100
Metropolitan Manila First District,Manila,Barangay 97,30420.17,22464.51,29995.13,29920.17,3634
Metropolitan Manila First District,Manila,Barangay 98,14084.33,12464.99,13823.99,13756.69,1899
Metropolitan Manila First District,Manila,Barangay 99,12936.92,10690.54,11303.78,10390.55,6310
Metropolitan Manila First District,Manila,Barangay 100,29349.5,8985.71,14348.69,15223.08,2222
Metropolitan Manila First District,Manila,Barangay 101,103997.37,37525.24,57379,61606.84,15358
Metropolitan Manila First District,Manila,Barangay 102,23899.68,4506.43,14200.18,20019.92,4157
Metropolitan Manila First District,Manila,Barangay 103,32949.79,9041.84,23223.05,25337.29,4772
Metropolitan Manila First District,Manila,Barangay 104,38937.84,4601.99,10317.01,17829.42,5741
Metropolitan Manila First District,Manila,Barangay 105,506875.73,80045.88,108942.13,130714.64,24971
Metropolitan Manila First District,Manila,Barangay 106,74642.56,24856.79,41851.65,39460.3,2513
Metropolitan Manila First District,Manila,Barangay 107,157325.82,22874.96,32646.9,38595.51,7003
Metropolitan Manila First District,Manila,Barangay 108,32049.21,195.94,2133.68,3444.3,5391
Metropolitan Manila First District,Manila,Barangay 109,26787.34,80.86,434.88,5059.95,3254
Metropolitan Manila First District,Manila,Barangay 110,178172.87,57507.55,75327.43,88720.56,2677
Metropolitan Manila First District,Manila,Barangay 111,14528.54,1590.84,5220.77,5711.81,2661
Metropolitan Manila First District,Manila,Barangay 112,27445.58,12375.78,17431.49,18608.35,5593
Metropolitan Manila First District,Manila,Barangay 116,42310.69,21367.25,33884.85,36424.2,5943
Metropolitan Manila First District,Manila,Barangay 117,20995.05,5109.45,12030.53,18414.52,4160
Metropolitan Manila First District,Manila,Barangay 118,141955.91,10291.53,20294.24,23236.11,10840
Metropolitan Manila First District,Manila,Barangay 119,18636.16,3753.77,7033.63,7831.97,2345
Metropolitan Manila First District,Manila,Barangay 120,16996.94,0,400,962.53,3873
Metropolitan Manila First District,Manila,Barangay 121,28003.34,2182.31,4177.88,6415.29,4511
Metropolitan Manila First District,Manila,Barangay 122,23231.61,8168.86,15055.35,21333.64,3824
Metropolitan Manila First District,Manila,Barangay 123,98787.32,6340.77,8802.67,8670.06,8660
Metropolitan Manila First District,Manila,Barangay 124,30715.56,15995,30415.56,30015.56,159
Metropolitan Manila First District,Manila,Barangay 125,15408.27,4723.51,12229.9,13737.77,4510
Metropolitan Manila First District,Manila,Barangay 126,136570.37,60274.74,111882.51,108885.46,1162
Metropolitan Manila First District,Manila,Barangay 127,45215.57,22599.67,44078.55,43684.11,565
Metropolitan Manila First District,Manila,Barangay 128,1064549.24,253493.64,329055.2,360822.62,23702
Metropolitan Manila First District,Manila,Barangay 129,47163.95,25755.55,40149.66,41045.64,5716
Metropolitan Manila First District,Manila,Barangay 130,33233.3,30272.12,32454.43,32454.43,1758
Metropolitan Manila First District,Manila,Barangay 131,25719.14,24534.01,25719.14,25719.14,1621
Metropolitan Manila First District,Manila,Barangay 132,42084.66,37662.66,41735.42,41831.49,925
Metropolitan Manila First District,Manila,Barangay 133,75512.8,61473.84,72162.05,71565.97,2115
Metropolitan Manila First District,Manila,Barangay 134,33839.73,33839.73,33839.73,33839.73,1058
Metropolitan Manila First District,Manila,Barangay 135,32412.56,30311.83,32012.56,32312.56,1935
Metropolitan Manila First District,Manila,Barangay 136,28726.77,25023.84,28726.77,28726.77,1197
Metropolitan Manila First District,Manila,Barangay 137,30180.53,30080.53,30180.53,30180.53,911
Metropolitan Manila First District,Manila,Barangay 138,25694.31,21296.44,25694.31,25594.31,2939
Metropolitan Manila First District,Manila,Barangay 139,7163.01,7163.01,7163.01,7163.01,371
Metropolitan Manila First District,Manila,Barangay 140,32470.74,31470.74,32470.74,32470.74,543
Metropolitan Manila First District,Manila,Barangay 141,6964.05,5602.91,6964.05,6964.05,529
Metropolitan Manila First District,Manila,Barangay 142,16766.42,7025.48,16707.71,15976.63,1710
Metropolitan Manila First District,Manila,Barangay 143,10294.62,8476.13,10294.62,10094.62,1401
Metropolitan Manila First District,Manila,Barangay 144,31321.17,28101.62,31321.17,31321.17,880
Metropolitan Manila First District,Manila,Barangay 145,17633.45,17327.72,17633.45,17633.45,1029
Metropolitan Manila First District,Manila,Barangay 146,37439.84,20704.68,37267.62,37053.24,2895
Metropolitan Manila First District,Manila,Barangay 147,130081.1,95939.78,114483.54,122520.5,2275
Metropolitan Manila First District,Manila,Barangay 148,104792.2,70872.38,89587.81,94930.36,2333
Metropolitan Manila First District,Manila,Barangay 149,21491.37,5035.74,19238.34,21290.99,1554
Metropolitan Manila First District,Manila,Barangay 150,47675.97,12798.26,27290.71,29017.59,2277
Metropolitan Manila First District,Manila,Barangay 151,52452.97,31390.8,43105.54,46428.5,1639
Metropolitan Manila First District,Manila,Barangay 152,25177.08,24508.7,25177.08,25177.08,6218
Metropolitan Manila First District,Manila,Barangay 153,20940.92,18533.76,20691.14,20940.92,2051
Metropolitan Manila First District,Manila,Barangay 154,24219.24,17304.93,22997,23861.9,948
Metropolitan Manila First District,Manila,Barangay 155,18077.41,16200.75,17377.47,18077.41,3257
Metropolitan Manila First District,Manila,Barangay 156,43379.9,22996.84,39005.44,41799.56,1615
Metropolitan Manila First District,Manila,Barangay 157,18031.15,11663.76,15900.72,15755.18,1505
Metropolitan Manila First District,Manila,Barangay 158,24130.9,18010.31,23039.78,23038.54,1934
Metropolitan Manila First District,Manila,Barangay 159,13711.23,3292.4,8967.07,12501.7,1558
Metropolitan Manila First District,Manila,Barangay 160,14943.09,11602,13054.99,12324.28,1256
Metropolitan Manila First District,Manila,Barangay 161,30063.31,13815.08,22429.1,25235.02,1004
Metropolitan Manila First District,Manila,Barangay 162,23446.47,20660.28,21904.37,22007.82,556
Metropolitan Manila First District,Manila,Barangay 163,45351.65,12194.44,31909.89,40195.79,3840
Metropolitan Manila First District,Manila,Barangay 164,26613.36,6638.58,16275.84,21697.71,1807
Metropolitan Manila First District,Manila,Barangay 165,22703.25,19282.09,21350.96,21683.71,1014
Metropolitan Manila First District,Manila,Barangay 166,33590.15,28114.38,33590.15,33590.15,882
Metropolitan Manila First District,Manila,Barangay 167,28767.11,18699.25,26911.38,28767.11,926
Metropolitan Manila First District,Manila,Barangay 168,30099.76,29899.76,30099.76,30099.76,1387
Metropolitan Manila First District,Manila,Barangay 169,27424.26,27424.26,27424.26,27424.26,1093
Metropolitan Manila First District,Manila,Barangay 170,19400.06,19400.06,19400.06,19400.06,929
Metropolitan Manila First District,Manila,Barangay 171,27048.24,27048.24,27048.24,27048.24,1118
Metropolitan Manila First District,Manila,Barangay 172,45274.96,45274.96,45274.96,45274.96,1232
Metropolitan Manila First District,Manila,Barangay 173,30457.96,14229.71,20424.25,27589.4,1622
Metropolitan Manila First District,Manila,Barangay 174,25600.76,13260.02,22315.58,24640.64,978
Metropolitan Manila First District,Manila,Barangay 175,36800.85,36005.49,36800.85,36800.85,988
Metropolitan Manila First District,Manila,Barangay 176,44296.58,44296.58,44296.58,44296.58,1278
Metropolitan Manila First District,Manila,Barangay 177,137195.76,101697.39,115775.6,118077.26,3308
Metropolitan Manila First District,Manila,Barangay 178,22836.1,22712.87,22836.1,22836.1,1519
Metropolitan Manila First District,Manila,Barangay 179,32292.58,4628.45,11113.81,28210.7,1021
Metropolitan Manila First District,Manila,Barangay 180,35218.18,12907.81,19235.11,19208.99,2145
Metropolitan Manila First District,Manila,Barangay 181,18478.77,2022.95,9548.07,16065.23,2773
Metropolitan Manila First District,Manila,Barangay 182,52708.32,12980.38,14780.38,11758.98,3936
Metropolitan Manila First District,Manila,Barangay 183,41175.74,26133.37,28738.95,30129.7,8424
Metropolitan Manila First District,Manila,Barangay 184,45059.86,34268.01,43750.73,43694.28,3311
Metropolitan Manila First District,Manila,Barangay 185,34307.68,1160.5,9475.97,23904.08,3532
Metropolitan Manila First District,Manila,Barangay 186,46218.83,15055.28,34303,43202.64,1678
Metropolitan Manila First District,Manila,Barangay 187,11007.72,5937.41,6655.04,8174.47,886
Metropolitan Manila First District,Manila,Barangay 188,13971.38,0,0,0,865
Metropolitan Manila First District,Manila,Barangay 189,24231.38,1918.28,2627.9,3766.8,1481
Metropolitan Manila First District,Manila,Barangay 190,15567.25,132.57,137.74,122.97,1232
Metropolitan Manila First District,Manila,Barangay 191,10480.29,166.59,305.87,352.43,703
Metropolitan Manila First District,Manila,Barangay 192,34078.5,6281.89,7676.52,5860.1,1878
Metropolitan Manila First District,Manila,Barangay 193,11325.54,174.42,274.42,800.18,979
Metropolitan Manila First District,Manila,Barangay 194,16996.97,1422.85,1522.85,1063.03,775
Metropolitan Manila First District,Manila,Barangay 195,10564.47,2146.49,2346.49,2100.49,1401
Metropolitan Manila First District,Manila,Barangay 196,20158.05,10511.25,12479.17,12864.67,1631
Metropolitan Manila First District,Manila,Barangay 197,14540.09,10048.31,11502.81,13961.96,523
Metropolitan Manila First District,Manila,Barangay 198,43310.44,34284.87,42510.44,42240.26,5032
Metropolitan Manila First District,Manila,Barangay 199,35797.3,35520.36,35797.3,35497.3,3471
Metropolitan Manila First District,Manila,Barangay 200,15201.72,14980.87,15110.84,14982.69,1666
Metropolitan Manila First District,Manila,Barangay 201,52254.56,45595.32,48196.35,49577.64,1152
Metropolitan Manila First District,Manila,Barangay 202,32693.33,32116.85,32639.91,32693.33,1420
Metropolitan Manila First District,Manila,Barangay 202-A,19509.66,11901.59,12810.29,13888.17,1213
Metropolitan Manila First District,Manila,Barangay 203,60626.16,50768.55,56909.73,54406.45,2462
Metropolitan Manila First District,Manila,Barangay 204,51658.44,48054.53,50374.87,49070.31,2684
Metropolitan Manila First District,Manila,Barangay 205,46420.66,42972.78,45320.66,44928.5,1760
Metropolitan Manila First District,Manila,Barangay 206,41468.86,17761.7,24203.55,27323.05,2433
Metropolitan Manila First District,Manila,Barangay 207,49573.15,20265.97,25112.02,27926.44,1541
Metropolitan Manila First District,Manila,Barangay 208,30034.32,8835.27,12496.04,13452.1,635
Metropolitan Manila First District,Manila,Barangay 209,62757.17,26213.61,42405.07,40333.56,5075
Metropolitan Manila First District,Manila,Barangay 210,36300.44,15150.27,29695.12,25622.96,3450
Metropolitan Manila First District,Manila,Barangay 275,269671.84,53439.27,78961.31,85571.18,19809
Metropolitan Manila First District,Manila,Barangay 300,12909.89,10803.36,11809.89,10223.37,981
Metropolitan Manila First District,Manila,Barangay 310,86520.69,37446.7,85620.69,67171.54,13602
Metropolitan Manila First District,Manila,Barangay 598,76818.91,76811.44,76818.91,70135.9,12027
Metropolitan Manila First District,Manila,Barangay 600,63689.87,14345.72,20257.78,7028.41,5892
Metropolitan Manila First District,Manila,Barangay 628,183964.38,90814.18,157565.4,94020.15,15202
Metropolitan Manila First District,Manila,Barangay 649,1102552.69,119427.31,192386.08,225264.52,64750
Metropolitan Manila First District,Manila,Barangay 775,48510.7,5615.71,8117.48,9565.79,12084
Metropolitan Manila Second District,Mandaluyong,Addition Hills,1167030.3,169097.92,211018.81,261235.57,108896
Metropolitan Manila Second District,Mandaluyong,Bagong Silang,139268.76,74345.6,89429.95,97449.22,4939
Metropolitan Manila Second District,Mandaluyong,Barangka Drive,212853.57,31048.61,40744.98,46351.39,15474
Metropolitan Manila Second District,Mandaluyong,Barangka Ibaba,159944.29,24570.01,32870.1,41860.97,9040
Metropolitan Manila Second District,Mandaluyong,Barangka Ilaya,482304.89,53150.29,66346.66,97600.91,22334
Metropolitan Manila Second District,Mandaluyong,Barangka Itaas,178064.53,21389.77,24571.84,32010.42,11242
Metropolitan Manila Second District,Mandaluyong,Burol,20467,0,0,0,2650
Metropolitan Manila Second District,Mandaluyong,Buayang Bato,82669.18,28665.71,32439.39,46032.93,2913
Metropolitan Manila Second District,Mandaluyong,Daang Bakal,173125.45,108180.84,132282.05,150233.03,4529
Metropolitan Manila Second District,Mandaluyong,Hagdang Bato Itaas,173014.11,2904.16,4999.96,6307.96,10267
Metropolitan Manila Second District,Mandaluyong,Hagdang Bato Libis,144561.67,45748.12,50569.25,54845.68,6715
Metropolitan Manila Second District,Mandaluyong,Harapin Ang Bukas,47791.9,5838.24,7639.83,12467.35,4244
Metropolitan Manila Second District,Mandaluyong,Highway Hills,1157661.02,105646.77,139051.01,143043.38,43267
Metropolitan Manila Second District,Mandaluyong,Hulo,374075.41,154705.73,195700.78,356801.92,31335
Metropolitan Manila Second District,Mandaluyong,Mabini-J. Rizal,199662.85,133004.05,172262.58,121089.66,7882
Metropolitan Manila Second District,Mandaluyong,Malamig,314550.38,34056.11,50473.84,46827.11,12054
Metropolitan Manila Second District,Mandaluyong,Mauway,657428.3,76013.37,104561.24,126944.45,25800
Metropolitan Manila Second District,Mandaluyong,Namayan,385576.6,160874.33,240016.41,183609.13,7670
Metropolitan Manila Second District,Mandaluyong,New Zañiga,224936.57,85531.13,115960.35,128805.1,8444
Metropolitan Manila Second District,Mandaluyong,Old Zañiga,246115.38,125997.72,159150.44,157216.93,6636
Metropolitan Manila Second District,Mandaluyong,Pag-asa,122473.41,53326.42,77357.29,43756.74,4195
Metropolitan Manila Second District,Mandaluyong,Plainview,1083872.97,445045.51,543153.27,616161.34,29378
Metropolitan Manila Second District,Mandaluyong,Pleasant Hills,206953.42,18742.81,24193.54,33103.63,6003
Metropolitan Manila Second District,Mandaluyong,Poblacion,226087.15,67847.44,106581.77,75918.31,16333
Metropolitan Manila Second District,Mandaluyong,San Jose,88802.69,21249.54,30011.18,32489.57,8483
Metropolitan Manila Second District,Mandaluyong,Vergara,173225.83,63132.54,81835.18,131018.46,4357
Metropolitan Manila Second District,Mandaluyong,Wack-wack Greenhills,2874926.05,507533.08,673928.85,778409.98,10678
Metropolitan Manila Second District,Marikina,Barangka,1323166.94,494893.38,689245.15,755807.58,16639
Metropolitan Manila Second District,Marikina,Calumpang,723729.78,582176.91,698166.87,711830.27,15602
Metropolitan Manila Second District,Marikina,Concepcion Uno,2269695.38,1712065.72,2009411.31,2119382.54,44683
Metropolitan Manila Second District,Marikina,Jesus de la Peña,978532.34,941849.74,975212.2,978132.34,10201
Metropolitan Manila Second District,Marikina,Malanday,1554244.61,1399166.62,1444818.81,1459459.11,53886
Metropolitan Manila Second District,Marikina,Nangka,1558589.69,1125894.19,1463686.11,1508776.64,43368
Metropolitan Manila Second District,Marikina,Parang,1829926.53,667905.6,649146.01,742330.47,40240
Metropolitan Manila Second District,Marikina,San Roque,1111186.58,1021257.61,1110786.58,1111186.58,16949
Metropolitan Manila Second District,Marikina,Santo Niño,1629221.12,1482156.92,1627421.12,1628721.12,28849
Metropolitan Manila Second District,Marikina,Tañong,402075.61,359268.26,402028.26,402075.61,8902
Metropolitan Manila Second District,Marikina,Concepcion Dos,1987080.17,750978.47,873736.48,942685.9,24023
Metropolitan Manila Second District,Marikina,Industrial Valley,812492.01,354084.14,394079.84,424270.94,16461
Metropolitan Manila Second District,Marikina,Fortune,1975354.71,584079.94,542688.47,608611.3,38624
Metropolitan Manila Second District,Marikina,Tumana,1907772.73,1165382.96,1286966.59,1362160.5,47468
Metropolitan Manila Second District,Pasig,Bagong Ilog,1213096.86,296261.87,358656.45,434113.74,20344
Metropolitan Manila Second District,Pasig,Bagong Katipunan,22311.35,10140.91,12909.45,14560.15,879
Metropolitan Manila Second District,Pasig,Bambang,521172.95,244564.91,329045.83,481775.69,20801
Metropolitan Manila Second District,Pasig,Buting,348582.12,128645.89,157580.09,205363.2,10348
Metropolitan Manila Second District,Pasig,Caniogan,1044235.15,430612.06,543522.36,749736.51,28086
Metropolitan Manila Second District,Pasig,Dela Paz,1314052.35,611601.32,1140234.48,1233700.37,19804
Metropolitan Manila Second District,Pasig,Kalawaan,1007941.22,302820.25,387012.19,588882.65,32145
Metropolitan Manila Second District,Pasig,Kapasigan,156631.35,45181.49,54958.78,64557.31,4774
Metropolitan Manila Second District,Pasig,Kapitolyo,1017495.86,70034.04,99760.62,102336.3,9203
Metropolitan Manila Second District,Pasig,Malinao,241441.38,110859,152677.52,197079.83,4817
Metropolitan Manila Second District,Pasig,Manggahan,3559228.38,2117129.48,2591576.45,3037937.47,88078
Metropolitan Manila Second District,Pasig,Maybunga,2186944.12,1806721.86,1942212.48,2115729.66,45555
Metropolitan Manila Second District,Pasig,Oranbo,521333.26,66331.07,92248.03,79874.85,3267
Metropolitan Manila Second District,Pasig,Palatiw,303897.3,256872.15,290125.67,303897.3,27499
Metropolitan Manila Second District,Pasig,Pinagbuhatan,3546569.95,1543890.71,1918987.71,2306951.93,163598
Metropolitan Manila Second District,Pasig,Pineda,581653.9,149577.35,172517.46,187956.64,19499
Metropolitan Manila Second District,Pasig,Rosario,2594786.52,1888673.62,2147014.95,2405938.84,73979
Metropolitan Manila Second District,Pasig,Sagad,109662.09,55838.29,72810.86,101882.73,6036
Metropolitan Manila Second District,Pasig,San Antonio,737813.17,215283.14,285875.15,215613.44,11727
Metropolitan Manila Second District,Pasig,San Joaquin,592258.65,145329.06,186620.16,233265.09,13823
Metropolitan Manila Second District,Pasig,San Jose,93028.79,19611.78,24725.82,27824.1,1814
Metropolitan Manila Second District,Pasig,San Miguel,1224103.81,837556,950705.56,1099138.72,40199
Metropolitan Manila Second District,Pasig,Santa Cruz,46981.2,32525.11,41739.4,46981.2,5610
Metropolitan Manila Second District,Pasig,Santa Rosa,150302.71,66547.3,72794.58,82857.8,1015
Metropolitan Manila Second District,Pasig,Santo Tomas,138127.49,89543.65,117327.27,138127.49,12904
Metropolitan Manila Second District,Pasig,Santolan,2079697.89,894852.4,1545180.03,1849065.67,57933
Metropolitan Manila Second District,Pasig,Sumilang,107246.83,21591.8,35921.9,45391.09,4334
Metropolitan Manila Second District,Pasig,Ugong,3749725.3,1281522.36,1559839.71,1724665.42,28737
Metropolitan Manila Second District,Pasig,Santa Lucia,1872157.41,1524478.44,1635303.2,1753333.43,43749
Metropolitan Manila Second District,Quezon City,Alicia,112011.67,38877.23,51662.56,50689.63,6119
Metropolitan Manila Second District,Quezon City,Amihan,129393.83,34111.91,40258.29,36627.49,3513
Metropolitan Manila Second District,Quezon City,Apolonio Samson,1931168.33,677370.9,903690.41,962419.36,33629
Metropolitan Manila Second District,Quezon City,Aurora,127872.05,7923.32,9936.1,11560.6,4221
Metropolitan Manila Second District,Quezon City,Baesa,1972549.72,606331.51,757219.19,732737.53,55328
Metropolitan Manila Second District,Quezon City,Bagbag,2074820.53,378041.32,536487.44,607730.02,64653
Metropolitan Manila Second District,Quezon City,Bagumbuhay,234786.98,70014.78,82561.09,81684.85,6681
Metropolitan Manila Second District,Quezon City,Bagong Lipunan Ng Crame,920330.26,133187.02,162327.77,169265.49,13630
Metropolitan Manila Second District,Quezon City,Bagong Pag-asa,1263605.74,359357.26,466114.61,410230.36,29389
Metropolitan Manila Second District,Quezon City,Bagong Silangan,6700316.54,2247704.57,2556043.47,2738472.98,106886
Metropolitan Manila Second District,Quezon City,Bagumbayan,1397830.77,455435.92,645330.8,778473.76,22147
Metropolitan Manila Second District,Quezon City,Bahay Toro,2972599.26,864582.78,1144797.39,1180590.13,59639
Metropolitan Manila Second District,Quezon City,Balingasa,765464.43,238801.1,317363.24,317453.22,19260
Metropolitan Manila Second District,Quezon City,Bayanihan,64085.81,12399.91,17496.82,11883.08,613
Metropolitan Manila Second District,Quezon City,Blue Ridge A,281561.7,13576.08,18469.37,17763.86,1534
Metropolitan Manila Second District,Quezon City,Blue Ridge B,115744.78,11100.4,17972.66,24125.64,1071
Metropolitan Manila Second District,Quezon City,Botocan,117104.88,38153.91,53327.59,39610.4,7501
Metropolitan Manila Second District,Quezon City,Bungad,511953.08,92061.06,122241.57,111534.72,7014
Metropolitan Manila Second District,Quezon City,Camp Aguinaldo,1832764.7,239638.26,327556.99,267808.03,3269
Metropolitan Manila Second District,Quezon City,Central,1337711.13,311767.29,407889.66,376535.48,19331
Metropolitan Manila Second District,Quezon City,Claro,101702.59,60381.52,67881.52,64321.84,3885
Metropolitan Manila Second District,Quezon City,Commonwealth,3571310.37,467474.17,600733.02,747569.68,213229
Metropolitan Manila Second District,Quezon City,Kristong Hari,339225.03,85228.82,119180.22,123594.9,6055
Metropolitan Manila Second District,Quezon City,Culiat,2635930.11,716608.55,909948.29,913308.63,67804
Metropolitan Manila Second District,Quezon City,Damar,210542.84,57059.4,72247.48,62171.92,952
Metropolitan Manila Second District,Quezon City,Damayan,206617.77,73429.6,86062.89,85117.79,6007
Metropolitan Manila Second District,Quezon City,Damayang Lagi,803686.7,393146.26,459206.19,434364.21,19466
Metropolitan Manila Second District,Quezon City,Del Monte,538112.57,162716.05,196783.11,194222.33,10595
Metropolitan Manila Second District,Quezon City,Dioquino Zobel,43444.82,1325.97,2156.03,2346.32,1805
Metropolitan Manila Second District,Quezon City,Doña Imelda,929387.18,615298.61,709584.95,607004.71,11724
Metropolitan Manila Second District,Quezon City,Doña Josefa,281909.72,21156.1,31185.88,32672.41,1857
Metropolitan Manila Second District,Quezon City,Don Manuel,237713.75,64390.7,77225.2,69545.66,1728
Metropolitan Manila Second District,Quezon City,Duyan-duyan,163030.08,14768.91,20141.32,17074.97,3357
Metropolitan Manila Second District,Quezon City,E. Rodriguez,654367.81,167033.36,212725.7,196244.78,17363
Metropolitan Manila Second District,Quezon City,East Kamias,268980.97,97988.2,121022.63,119839.42,6395
Metropolitan Manila Second District,Quezon City,Escopa I,15066.55,100.18,840.14,1061.4,2110
Metropolitan Manila Second District,Quezon City,Escopa II,18676.75,712.58,1325.53,1925.53,1683
Metropolitan Manila Second District,Quezon City,Escopa III,87346.86,3446.06,5883.27,5484.19,7985
Metropolitan Manila Second District,Quezon City,Escopa IV,15030.95,602.44,765.24,966.96,1837
Metropolitan Manila Second District,Quezon City,Fairview,3118556.94,567965.44,726143.61,858313.78,61813
Metropolitan Manila Second District,Quezon City,Gulod,1277630.08,390434.24,500523.71,582323.27,62542
Metropolitan Manila Second District,Quezon City,Horseshoe,420901.06,70240.52,87447.85,97577.11,2866
Metropolitan Manila Second District,Quezon City,Immaculate Concepcion,510116.74,71110.82,91995.64,96723.12,8169
Metropolitan Manila Second District,Quezon City,Kaligayahan,2456129.87,314695.6,393827.81,333108.11,60462
Metropolitan Manila Second District,Quezon City,Kalusugan,426720.75,96288.15,136570.27,153026.7,4786
Metropolitan Manila Second District,Quezon City,Kamuning,437977.95,119727.17,150621.03,152269.7,14258
Metropolitan Manila Second District,Quezon City,Katipunan,129198.62,109726.1,126181.69,127578.75,10508
Metropolitan Manila Second District,Quezon City,Kaunlaran,505387.35,53885.63,73298.75,68097.47,12387
Metropolitan Manila Second District,Quezon City,Krus Na Ligas,227127.21,1087.25,2780.96,3358.01,21287
Metropolitan Manila Second District,Quezon City,Laging Handa,623716.3,82764.53,104483.37,85491.91,4812
Metropolitan Manila Second District,Quezon City,Libis,113591.6,41857.65,55065.57,66684.06,4208
Metropolitan Manila Second District,Quezon City,Lourdes,752304.44,92006.94,146830.23,137421.68,4523
Metropolitan Manila Second District,Quezon City,Loyola Heights,2425506.97,553003.42,698493.68,631446.53,21140
Metropolitan Manila Second District,Quezon City,Maharlika,386629.23,107261.02,222999.23,255518.32,4349
Metropolitan Manila Second District,Quezon City,Malaya,130421.4,12809.34,19633.2,9405.08,2605
Metropolitan Manila Second District,Quezon City,Manresa,828273.74,138881.63,221043.82,275561.74,17224
Metropolitan Manila Second District,Quezon City,Mangga,81218.16,19223.39,26315.32,34626.34,913
Metropolitan Manila Second District,Quezon City,Mariana,1664623.89,237341.7,322546.19,301068.72,11967
Metropolitan Manila Second District,Quezon City,Mariblo,132927.67,62112.93,79528.69,84110.13,3433
Metropolitan Manila Second District,Quezon City,Marilag,464341.95,58595.59,74349.66,52947.95,12555
Metropolitan Manila Second District,Quezon City,Masagana,164134.83,61727.42,75813.48,71398,4166
Metropolitan Manila Second District,Quezon City,Masambong,344650.73,174133.88,274975.06,322802.1,8800
Metropolitan Manila Second District,Quezon City,Matandang Balara,3363792.65,615031.25,674134.58,692707.5,69475
Metropolitan Manila Second District,Quezon City,Milagrosa,270668.84,71652.49,96583.57,79225.04,6775
Metropolitan Manila Second District,Quezon City,Nagkaisang Nayon,2718760.45,472238.88,688370.32,788828.7,53781
Metropolitan Manila Second District,Quezon City,Nayong Kanluran,142844.89,39717.01,54551.91,60410.92,2456
Metropolitan Manila Second District,Quezon City,Novaliches Proper,625168.59,173246.02,274792.83,300200.86,15383
Metropolitan Manila Second District,Quezon City,Obrero,250451.39,46389.45,56616.67,49094.35,12330
Metropolitan Manila Second District,Quezon City,Old Capitol Site,147503.92,43174.36,51401.97,47288.6,1326
Metropolitan Manila Second District,Quezon City,Paang Bundok,156824.55,19589.14,34371,37467.81,5643
Metropolitan Manila Second District,Quezon City,Pag-ibig Sa Nayon,345498.12,53835.21,73101.73,53629.75,5293
Metropolitan Manila Second District,Quezon City,Paligsahan,585039.02,64820.66,87490.02,76996.45,5634
Metropolitan Manila Second District,Quezon City,Paltok,656860.75,142031.47,206980.62,236773.84,17332
Metropolitan Manila Second District,Quezon City,Pansol,3377185.57,427130.37,519329.85,546505.11,33887
Metropolitan Manila Second District,Quezon City,Paraiso,155018.33,30143.27,43829.87,48885.71,4300
Metropolitan Manila Second District,Quezon City,Pasong Tamo,4950917.58,956819.29,1200528.88,1171327.92,110738
Metropolitan Manila Second District,Quezon City,Phil-Am,443688.68,67366.49,92106.45,87324.74,2626
Metropolitan Manila Second District,Quezon City,Pinyahan,1566453.32,269431.84,352989.57,333974.52,28744
Metropolitan Manila Second District,Quezon City,Pinagkaisahan,335242.08,53309.44,66045.76,65572.09,5762
Metropolitan Manila Second District,Quezon City,Project 6,1528300.46,304998.97,411464.58,401171.47,15255
Metropolitan Manila Second District,Quezon City,Quirino 2-A,172525.91,48118.1,60387.14,64005.44,5243
Metropolitan Manila Second District,Quezon City,Quirino 2-B,148852.91,30456.03,39212.46,43387.97,3230
Metropolitan Manila Second District,Quezon City,Quirino 2-C,86298.86,19867.02,26586.96,27787.41,3220
Metropolitan Manila Second District,Quezon City,Quirino 3-A,55709.23,17712.69,20415.93,18716.55,1176
Metropolitan Manila Second District,Quezon City,Ramon Magsaysay,348984.99,71887.83,107717.32,100431.18,15865
Metropolitan Manila Second District,Quezon City,Roxas,453474.71,114414.5,138413.84,162159.15,16757
Metropolitan Manila Second District,Quezon City,Sacred Heart,571817.38,52386.53,70423.85,51855.29,8605
Metropolitan Manila Second District,Quezon City,Saint Ignatius,259890.18,14902.46,20890.16,22110.96,1986
Metropolitan Manila Second District,Quezon City,Saint Peter,266822.26,118749.37,180657.21,199309.15,4613
Metropolitan Manila Second District,Quezon City,Salvacion,208243.54,28759.19,42260.63,43021.86,8295
Metropolitan Manila Second District,Quezon City,San Agustin,1169632.85,254852.48,318076.28,287739.9,21388
Metropolitan Manila Second District,Quezon City,San Antonio,745072.28,212924.46,280930.98,307280.68,22883
Metropolitan Manila Second District,Quezon City,San Bartolome,3589614.4,726023.47,1035731,1182338.09,51148
Metropolitan Manila Second District,Quezon City,San Isidro,132017.06,26208.56,34812.77,30318.06,8202
Metropolitan Manila Second District,Quezon City,San Isidro Labrador,256930.99,103082.62,123320.24,102258.82,7670
Metropolitan Manila Second District,Quezon City,San Jose,269109.94,97502.58,134674.05,70541.85,5830
Metropolitan Manila Second District,Quezon City,San Martin de Porres,207740.39,17824.9,24069.87,18839.4,12239
Metropolitan Manila Second District,Quezon City,San Roque,650646.21,94963.46,121786.62,98658.16,20095
Metropolitan Manila Second District,Quezon City,San Vicente,121197.63,51694.01,65829.37,60903.2,6953
Metropolitan Manila Second District,Quezon City,Santa Cruz,437877,117352.49,154205.16,162606.4,4382
Metropolitan Manila Second District,Quezon City,Santa Lucia,642383.52,179141.94,231876.7,265389.16,26667
Metropolitan Manila Second District,Quezon City,Santa Monica,1652755.53,473200,575024.69,630021.25,51834
Metropolitan Manila Second District,Quezon City,Santa Teresita,341926.27,94976.24,113012.58,98012.5,7700
Metropolitan Manila Second District,Quezon City,Santo Cristo,380133.84,75990.98,102356.58,92104.46,10392
Metropolitan Manila Second District,Quezon City,Santo Niño,193512.81,7398.58,12186.79,15364.19,10170
Metropolitan Manila Second District,Quezon City,Santol,441531.96,117636.12,160102.26,133620.89,7395
Metropolitan Manila Second District,Quezon City,Sauyo,2728689.69,392406.03,508893.36,578907.03,76289
Metropolitan Manila Second District,Quezon City,Sienna,388079.13,161182.59,218480.45,250705.28,3653
Metropolitan Manila Second District,Quezon City,Sikatuna Village,415110.76,82033.92,108457.94,80733.68,7347
Metropolitan Manila Second District,Quezon City,Silangan,226463.93,91107.51,109163.38,112890.72,5292
Metropolitan Manila Second District,Quezon City,Socorro,1177511.11,165368.86,220416.91,182346.31,25073
Metropolitan Manila Second District,Quezon City,South Triangle,1124478.33,265442.92,350023.51,322051.27,15424
Metropolitan Manila Second District,Quezon City,Tagumpay,98438.01,36964.28,43831.96,44934.88,2279
Metropolitan Manila Second District,Quezon City,Talayan,490318.62,366497.51,432209.57,452718.62,5395
Metropolitan Manila Second District,Quezon City,Talipapa,1569939.23,360534.86,514405.53,475257.01,39543
Metropolitan Manila Second District,Quezon City,Tandang Sora,3860369.81,717178.59,903262.02,794494.19,83114
Metropolitan Manila Second District,Quezon City,Tatalon,925139.17,479156.02,610944.61,699539.93,55404
Metropolitan Manila Second District,Quezon City,Teachers Village East,218158.29,23753.35,33643.5,23913.76,2737
Metropolitan Manila Second District,Quezon City,Teachers Village West,233128.46,42439.41,53084.22,39900.51,1729
Metropolitan Manila Second District,Quezon City,U.P. Campus,4403812.15,678189.23,864291.18,809873.97,47897
Metropolitan Manila Second District,Quezon City,U.P. Village,376139.1,36563.52,50926.68,38730.37,4309
Metropolitan Manila Second District,Quezon City,Ugong Norte,2780320.23,571528.04,740230.26,816691.8,7242
Metropolitan Manila Second District,Quezon City,Unang Sigaw,153848.12,52364.44,67367.59,64195.07,6697
Metropolitan Manila Second District,Quezon City,Valencia,437032.68,80346.89,120141.39,128069.75,2002
Metropolitan Manila Second District,Quezon City,Vasra,546254.29,130418.48,180861.33,175420.47,8359
Metropolitan Manila Second District,Quezon City,Veterans Village,511742.74,84217.86,127044.38,117927.55,11993
Metropolitan Manila Second District,Quezon City,Villa Maria Clara,84786.77,37748.61,45189.78,37025.2,2027
Metropolitan Manila Second District,Quezon City,West Kamias,181375.67,82853.74,98389.78,104197.35,4624
Metropolitan Manila Second District,Quezon City,West Triangle,676807.84,144330.36,188508.28,181561.74,2024
Metropolitan Manila Second District,Quezon City,White Plains,570721.25,84138.61,100664.49,114460.69,4653
Metropolitan Manila Second District,Quezon City,Balong Bato,336020.8,86577.97,116756.64,116967.36,6991
Metropolitan Manila Second District,Quezon City,Capri,94317.19,46073.59,73091.39,92658.13,12903
Metropolitan Manila Second District,Quezon City,Sangandaan,892965.34,198788.96,260927.75,260409.41,23277
Metropolitan Manila Second District,Quezon City,Payatas,3148760.33,373517.6,454238.84,518017.74,139740
Metropolitan Manila Second District,Quezon City,Batasan Hills,5941408.73,2111940.18,2103222.81,2313605.18,166572
Metropolitan Manila Second District,Quezon City,Holy Spirit,3265233.31,464185.94,581491.06,590834.25,111901
Metropolitan Manila Second District,Quezon City,Greater Lagro,4236340.78,653538.91,912737.42,1074820.7,23569
Metropolitan Manila Second District,Quezon City,North Fairview,2006963.03,336793.96,449247.08,517113.79,44408
Metropolitan Manila Second District,San Juan,Addition Hills,362365.23,69095.99,81751.81,101205.15,3818
Metropolitan Manila Second District,San Juan,Balong-Bato,249224.64,86047.27,98245.37,58809.72,7775
Metropolitan Manila Second District,San Juan,Batis,383917.94,218570.85,255192.45,222653.5,9774
Metropolitan Manila Second District,San Juan,Corazon de Jesus,326833.04,28920.28,36787.3,24138.48,7334
Metropolitan Manila Second District,San Juan,Ermitaño,103617.98,30943.01,45723.82,53824.73,3475
Metropolitan Manila Second District,San Juan,Isabelita,30113.89,46.62,46.62,363.2,1695
Metropolitan Manila Second District,San Juan,Kabayanan,183977.89,82313.57,97333.01,106473.07,5330
Metropolitan Manila Second District,San Juan,Little Baguio,439487.81,72452.63,99505.57,133215.72,6446
Metropolitan Manila Second District,San Juan,Maytunas,201861.12,67402.57,76469.73,72864.95,3187
Metropolitan Manila Second District,San Juan,Onse,91996.16,9719.2,11248.46,11809.72,2976
Metropolitan Manila Second District,San Juan,Pasadeña,242446.07,45465.59,64807.05,74332.46,4359
Metropolitan Manila Second District,San Juan,Pedro Cruz,185215.13,26887.24,35128.86,24281.7,4237
Metropolitan Manila Second District,San Juan,Progreso,51980.97,50680.97,51980.97,32982.15,1427
Metropolitan Manila Second District,San Juan,Rivera,64299.87,38326.99,42866.99,13252.39,2321
Metropolitan Manila Second District,San Juan,Salapan,179292.98,128150.53,139606.5,127726.06,8443
Metropolitan Manila Second District,San Juan,San Perfecto,76161.23,54365.81,58141.76,39189.93,4115
Metropolitan Manila Second District,San Juan,Santa Lucia,313967.54,39917.01,50886.57,44454.96,7330
Metropolitan Manila Second District,San Juan,Tibagan,177496.29,17933.07,21812.09,18456.52,3993
Metropolitan Manila Second District,San Juan,West Crame,193658.7,16300.24,19767.79,15725.76,16496
Metropolitan Manila Second District,San Juan,Greenhills,1885554.1,495155.89,640146.34,671702.2,3148
Metropolitan Manila Third District,Caloocan,Barangay 1,34127.55,0,409.21,2056.35,2319
Metropolitan Manila Third District,Caloocan,Barangay 2,53949.35,11448.81,16622.29,21442.23,5156
Metropolitan Manila Third District,Caloocan,Barangay 3,40310.49,4638.91,8688.99,11506.82,2497
Metropolitan Manila Third District,Caloocan,Barangay 4,65815.62,13637.15,20325.69,25394.7,2875
Metropolitan Manila Third District,Caloocan,Barangay 5,66362.88,3844.04,7369.97,10391.72,3083
Metropolitan Manila Third District,Caloocan,Barangay 6,27622.18,5316.88,7788.46,10168.93,1190
Metropolitan Manila Third District,Caloocan,Barangay 7,49772.32,2929.32,6972.17,11003.54,2608
Metropolitan Manila Third District,Caloocan,Barangay 8,308364.46,160679.67,196976.09,213958.13,23399
Metropolitan Manila Third District,Caloocan,Barangay 9,93820.9,24012.09,31955.39,31711.75,1866
Metropolitan Manila Third District,Caloocan,Barangay 10,21638.77,901.67,1543.16,1966.81,1485
Metropolitan Manila Third District,Caloocan,Barangay 11,32599.63,4773.75,5674.18,6492.26,1230
Metropolitan Manila Third District,Caloocan,Barangay 12,299558.55,158683.84,217838.79,242573.14,34309
Metropolitan Manila Third District,Caloocan,Barangay 13,50271.29,0,200,656.96,1074
Metropolitan Manila Third District,Caloocan,Barangay 14,416963.99,116213.41,192558.57,257601.25,21906
Metropolitan Manila Third District,Caloocan,Barangay 15,57054.49,2008.89,3012.58,1878.96,1424
Metropolitan Manila Third District,Caloocan,Barangay 16,65547.02,39179.93,48396.65,49740.32,3550
Metropolitan Manila Third District,Caloocan,Barangay 17,47212.55,12180.98,14702.56,14377.32,3419
Metropolitan Manila Third District,Caloocan,Barangay 18,103864.94,71420.89,80699.97,81641.95,10932
Metropolitan Manila Third District,Caloocan,Barangay 19,45281.24,19011.32,21479.36,24056.33,3655
Metropolitan Manila Third District,Caloocan,Barangay 20,112072.92,61542.36,84906.47,91538.72,7892
Metropolitan Manila Third District,Caloocan,Barangay 21,50320.47,10989.66,13495.82,16145.74,2787
Metropolitan Manila Third District,Caloocan,Barangay 22,118120.23,24676.42,54222.68,71021.36,5653
Metropolitan Manila Third District,Caloocan,Barangay 23,34310.92,1343.56,8129.36,16408.98,2736
Metropolitan Manila Third District,Caloocan,Barangay 24,34947.08,18702.92,33227.6,34047.98,2498
Metropolitan Manila Third District,Caloocan,Barangay 25,35971.5,3424.05,4537.9,6391.01,1611
Metropolitan Manila Third District,Caloocan,Barangay 26,45058.28,11465.55,31287.05,34831.27,3734
Metropolitan Manila Third District,Caloocan,Barangay 27,47222.4,45681.82,47222.4,47222.4,2753
Metropolitan Manila Third District,Caloocan,Barangay 28,463777.4,245813.63,300637.59,292643.35,19306
Metropolitan Manila Third District,Caloocan,Barangay 29,20762.48,12837.05,13481.28,15486.59,2138
Metropolitan Manila Third District,Caloocan,Barangay 30,64699.42,51765.14,55654.73,55458.35,3688
Metropolitan Manila Third District,Caloocan,Barangay 31,62692.53,61092.53,62692.53,62492.53,3699
Metropolitan Manila Third District,Caloocan,Barangay 32,40004.48,32315.35,35216.48,36075.64,3227
Metropolitan Manila Third District,Caloocan,Barangay 33,72408.56,70925.9,72026.06,71439.55,4323
Metropolitan Manila Third District,Caloocan,Barangay 34,55916.73,55209.03,55916.73,55730.67,3392
Metropolitan Manila Third District,Caloocan,Barangay 35,241640.83,157183.06,180724.89,193356.47,10530
Metropolitan Manila Third District,Caloocan,Barangay 36,57384.47,26528.66,28827.94,25945.81,3035
Metropolitan Manila Third District,Caloocan,Barangay 37,49244.36,21115.88,25558.74,23044.66,2742
Metropolitan Manila Third District,Caloocan,Barangay 38,32781.68,242.84,342.84,483.86,3955
Metropolitan Manila Third District,Caloocan,Barangay 39,16030.54,1585.76,2415.66,3512.12,1537
Metropolitan Manila Third District,Caloocan,Barangay 40,22053.35,463.24,1072.49,1513.18,3196
Metropolitan Manila Third District,Caloocan,Barangay 41,36613.48,0,112.28,681.22,1292
Metropolitan Manila Third District,Caloocan,Barangay 42,23840.66,0,326.65,418.47,1130
Metropolitan Manila Third District,Caloocan,Barangay 43,39121.37,20878.18,25535.81,24630.67,1799
Metropolitan Manila Third District,Caloocan,Barangay 44,35692.1,7924.24,9724.24,8145.39,820
Metropolitan Manila Third District,Caloocan,Barangay 45,36797.47,990.4,1172.76,1331.87,1127
Metropolitan Manila Third District,Caloocan,Barangay 46,43039.35,19285.7,20894.99,19778.25,923
Metropolitan Manila Third District,Caloocan,Barangay 47,35643.06,956.86,1056.86,1448.15,1202
Metropolitan Manila Third District,Caloocan,Barangay 48,36616.89,1438.05,2555.46,2470.83,950
Metropolitan Manila Third District,Caloocan,Barangay 49,47707.17,33611.1,35859.47,36081.43,1954
Metropolitan Manila Third District,Caloocan,Barangay 50,31961.64,8784.88,11159.89,9864.79,1780
Metropolitan Manila Third District,Caloocan,Barangay 51,59405.05,2553.47,4305.05,3129.54,1620
Metropolitan Manila Third District,Caloocan,Barangay 52,38163.19,8593.11,10655.79,10916.44,3950
Metropolitan Manila Third District,Caloocan,Barangay 53,48186.06,13196.22,19017.85,19362.04,3436
Metropolitan Manila Third District,Caloocan,Barangay 54,75494.83,2405.16,6646.62,4133.37,2228
Metropolitan Manila Third District,Caloocan,Barangay 55,71503.88,1260.44,3502.74,2980.68,2658
Metropolitan Manila Third District,Caloocan,Barangay 56,38174.07,14592.91,16161.7,16442.2,2920
Metropolitan Manila Third District,Caloocan,Barangay 57,48702.89,11320.45,17406.58,19311.85,1138
Metropolitan Manila Third District,Caloocan,Barangay 58,49003.49,1862.6,4550.74,6134.68,1598
Metropolitan Manila Third District,Caloocan,Barangay 59,42695.33,13581.01,15455.26,16920.33,3928
Metropolitan Manila Third District,Caloocan,Barangay 60,48659.41,2513.27,5769.91,9137.22,1232
Metropolitan Manila Third District,Caloocan,Barangay 61,72399.88,12721.14,18888.41,18765.14,1622
Metropolitan Manila Third District,Caloocan,Barangay 62,73016.26,9800.57,16234.88,13571.63,2237
Metropolitan Manila Third District,Caloocan,Barangay 63,47611.93,19845.28,25065.95,25743.41,1583
Metropolitan Manila Third District,Caloocan,Barangay 64,25999.57,3009.02,4180.27,3676.12,3873
Metropolitan Manila Third District,Caloocan,Barangay 65,23160.35,6145.96,8422.26,9641.74,1894
Metropolitan Manila Third District,Caloocan,Barangay 66,39763.26,25101.05,30925.87,33764.42,2530
Metropolitan Manila Third District,Caloocan,Barangay 67,49403.93,5587.81,10378.59,11075.36,1950
Metropolitan Manila Third District,Caloocan,Barangay 68,55583.8,1564.93,4069.28,3233.91,1007
Metropolitan Manila Third District,Caloocan,Barangay 69,45467.92,14192.43,21422.17,21757.29,12270
Metropolitan Manila Third District,Caloocan,Barangay 70,41606.37,5869.27,9599.19,13506.53,2198
Metropolitan Manila Third District,Caloocan,Barangay 71,47415.52,7149.96,11509.32,13218.6,1905
Metropolitan Manila Third District,Caloocan,Barangay 72,53851.89,18810.87,31095.87,33344.12,2229
Metropolitan Manila Third District,Caloocan,Barangay 73,148737.88,9676.73,13361.22,12591.37,17303
Metropolitan Manila Third District,Caloocan,Barangay 74,58399.43,5986,8136.35,5937.32,1263
Metropolitan Manila Third District,Caloocan,Barangay 75,37614.15,9498.24,14458.58,20621.21,1233
Metropolitan Manila Third District,Caloocan,Barangay 76,21559.88,3981.68,7061.45,7348.19,852
Metropolitan Manila Third District,Caloocan,Barangay 77,57994.81,9188.08,16927.81,19179.33,1633
Metropolitan Manila Third District,Caloocan,Barangay 78,65266.61,22463.17,33844.3,31172.34,1647
Metropolitan Manila Third District,Caloocan,Barangay 79,87142.51,8113.22,15552,16897.25,2930
Metropolitan Manila Third District,Caloocan,Barangay 80,300850.55,30348.66,41004.23,48875.04,2789
Metropolitan Manila Third District,Caloocan,Barangay 81,67781.1,11472.54,19088.01,19594.07,23432
Metropolitan Manila Third District,Caloocan,Barangay 82,52471.22,12981.93,15242.07,16067.11,7074
Metropolitan Manila Third District,Caloocan,Barangay 83,56843.22,16482.16,21880.5,20009.45,3593
Metropolitan Manila Third District,Caloocan,Barangay 84,159353.3,12108.03,23324.2,30538.28,3055
Metropolitan Manila Third District,Caloocan,Barangay 85,47232.11,9988.84,14193.09,12578.24,6657
Metropolitan Manila Third District,Caloocan,Barangay 86,68404.16,12238.63,14536.26,14841.66,16503
Metropolitan Manila Third District,Caloocan,Barangay 87,80010.29,21596.01,30784.33,22615.33,6657
Metropolitan Manila Third District,Caloocan,Barangay 88,88031.89,11444.74,17608.77,21616.12,15934
Metropolitan Manila Third District,Caloocan,Barangay 89,74612.2,30960.95,47428.67,43690.71,4505
Metropolitan Manila Third District,Caloocan,Barangay 90,65171.31,4878.29,12464.67,13103.1,2974
Metropolitan Manila Third District,Caloocan,Barangay 91,85963.72,24790.41,42529.2,46839.34,2674
Metropolitan Manila Third District,Caloocan,Barangay 92,49221.66,18567.09,28469.13,21570.8,2782
Metropolitan Manila Third District,Caloocan,Barangay 93,59960.77,28674.95,41753.77,36276.14,19567
Metropolitan Manila Third District,Caloocan,Barangay 94,43062.31,2563.56,4827.12,3873.12,2250
Metropolitan Manila Third District,Caloocan,Barangay 95,79265.72,3963.42,8239.79,6631.85,4055
Metropolitan Manila Third District,Caloocan,Barangay 96,94303.97,27714.49,39894.5,31341.2,2607
Metropolitan Manila Third District,Caloocan,Barangay 97,40203.42,8517.49,11234.94,8765.99,4796
Metropolitan Manila Third District,Caloocan,Barangay 98,26126.13,193.32,807.33,680.61,3530
Metropolitan Manila Third District,Caloocan,Barangay 99,36749.99,1378.25,1716.99,873.72,13702
Metropolitan Manila Third District,Caloocan,Barangay 100,50219.18,1340.92,2867.4,2718.08,6696
Metropolitan Manila Third District,Caloocan,Barangay 101,117199,13167.97,21792.15,19897.75,5120
Metropolitan Manila Third District,Caloocan,Barangay 102,27982.06,5711.21,8108.99,6389.62,7262
Metropolitan Manila Third District,Caloocan,Barangay 103,72296.63,16302.08,23627.87,19277.17,3373
Metropolitan Manila Third District,Caloocan,Barangay 104,71678.57,13499.48,21965.18,23587.49,3634
Metropolitan Manila Third District,Caloocan,Barangay 105,93866.69,11154,17109.85,16940.43,4164
Metropolitan Manila Third District,Caloocan,Barangay 106,50068.04,1105.67,1899.5,7504.99,3700
Metropolitan Manila Third District,Caloocan,Barangay 107,47505.72,14841.22,23769.96,35675.65,3990
Metropolitan Manila Third District,Caloocan,Barangay 108,48326.47,33502.09,39865.5,40565.52,3950
Metropolitan Manila Third District,Caloocan,Barangay 109,73377.07,23237.75,30914.97,33608.98,4325
Metropolitan Manila Third District,Caloocan,Barangay 110,26954.41,1358.22,2559.77,4431.29,2530
Metropolitan Manila Third District,Caloocan,Barangay 111,24147.53,15183.2,17387.21,17143.79,2385
Metropolitan Manila Third District,Caloocan,Barangay 112,24595.82,905.98,2021.48,1372.66,2273
Metropolitan Manila Third District,Caloocan,Barangay 113,25378.95,3487.55,5823.53,4774.49,2425
Metropolitan Manila Third District,Caloocan,Barangay 114,12545.79,10920.29,11148.98,12196.29,2385
Metropolitan Manila Third District,Caloocan,Barangay 115,12711.54,3192.95,4479.07,3878.15,2658
Metropolitan Manila Third District,Caloocan,Barangay 116,25575.3,3373.47,6159.16,5367.97,5652
Metropolitan Manila Third District,Caloocan,Barangay 117,33527.74,3755.89,5223.28,6113.51,6090
Metropolitan Manila Third District,Caloocan,Barangay 118,208325.02,23580.11,30952.06,30546.18,12052
Metropolitan Manila Third District,Caloocan,Barangay 119,31206.4,2063.79,2776.71,2928.28,6678
Metropolitan Manila Third District,Caloocan,Barangay 120,109324.4,38016.16,45640.91,50871.24,11933
Metropolitan Manila Third District,Caloocan,Barangay 121,47908.6,1660.64,2785.64,5371.18,2705
Metropolitan Manila Third District,Caloocan,Barangay 122,50023.69,6391.93,10868.56,14990.65,2385
Metropolitan Manila Third District,Caloocan,Barangay 123,25727.09,1354.07,3276.08,2778.95,2685
Metropolitan Manila Third District,Caloocan,Barangay 124,26758.56,1943.26,3685.86,5851.37,1622
Metropolitan Manila Third District,Caloocan,Barangay 125,40025.75,18381.53,24015.78,27462.61,2385
Metropolitan Manila Third District,Caloocan,Barangay 126,44853.46,15555.21,22309.3,19281.26,13825
Metropolitan Manila Third District,Caloocan,Barangay 127,51344.96,14636.3,22147.14,25343.09,1382
Metropolitan Manila Third District,Caloocan,Barangay 128,45965.47,19014.09,26720.72,33405.62,1130
Metropolitan Manila Third District,Caloocan,Barangay 129,25199.37,6413.66,9838.72,13552.22,2530
Metropolitan Manila Third District,Caloocan,Barangay 130,24829.02,4073.53,6227.42,5651.57,1950
Metropolitan Manila Third District,Caloocan,Barangay 131,57518.87,27429.48,37304.27,18477.39,2225
Metropolitan Manila Third District,Caloocan,Barangay 132,50339.92,13468.04,15817.25,17935.11,15993
Metropolitan Manila Third District,Caloocan,Barangay 133,33946.46,9473.72,12792.88,15799.54,1799
Metropolitan Manila Third District,Caloocan,Barangay 134,85474.96,10582.6,14604.08,18262.4,1385
Metropolitan Manila Third District,Caloocan,Barangay 135,86309.93,5446.47,8612.48,10239.26,1780
Metropolitan Manila Third District,Caloocan,Barangay 136,86476.64,800.42,3235.25,3686.86,2225
Metropolitan Manila Third District,Caloocan,Barangay 137,84475.64,1598.49,1938.05,6086.38,1382
Metropolitan Manila Third District,Caloocan,Barangay 138,84761.59,21907.48,31657.33,19925.62,1202
Metropolitan Manila Third District,Caloocan,Barangay 139,108812.79,28408.21,38998.53,31950.53,1385
Metropolitan Manila Third District,Caloocan,Barangay 140,53778.37,2281.59,3033.95,5388.76,1232
Metropolitan Manila Third District,Caloocan,Barangay 141,73165.15,23319.22,31270.47,25846.14,1620
Metropolitan Manila Third District,Caloocan,Barangay 142,27943.86,290.59,290.59,291.7,2385
Metropolitan Manila Third District,Caloocan,Barangay 143,23837.19,449.6,1682.26,2691.89,1799
Metropolitan Manila Third District,Caloocan,Barangay 144,29965.56,37.45,37.45,1198.47,1950
Metropolitan Manila Third District,Caloocan,Barangay 145,30158.48,3563.79,5461.24,7117.47,1232
Metropolitan Manila Third District,Caloocan,Barangay 146,27220.44,0,300,1979.69,1385
Metropolitan Manila Third District,Caloocan,Barangay 147,39669.72,7016.39,10128.23,7750.65,1620
Metropolitan Manila Third District,Caloocan,Barangay 148,28387.4,0,0,3498.19,1202
Metropolitan Manila Third District,Caloocan,Barangay 149,40307.2,0,0,5357.22,1382
Metropolitan Manila Third District,Caloocan,Barangay 150,39270.22,1223.11,2154.32,833.62,1780
Metropolitan Manila Third District,Caloocan,Barangay 151,35493.4,25357.11,27867.24,24998.12,1620
Metropolitan Manila Third District,Caloocan,Barangay 152,30274.23,1981.39,2580.71,1742.31,2385
Metropolitan Manila Third District,Caloocan,Barangay 153,29084.92,6036.36,7469.13,4772.72,1232
Metropolitan Manila Third District,Caloocan,Barangay 154,35852.76,6159.88,9530.63,4555.8,1385
Metropolitan Manila Third District,Caloocan,Barangay 155,33622.25,6007.6,7971.26,3529.32,1799
Metropolitan Manila Third District,Caloocan,Barangay 156,51138.53,5388.09,9482.44,6593.53,1950
Metropolitan Manila Third District,Caloocan,Barangay 157,32895.6,3711.91,5353.26,2795.38,1202
Metropolitan Manila Third District,Caloocan,Barangay 158,304315.86,51264.93,64395.88,51555.96,1382
Metropolitan Manila Third District,Caloocan,Barangay 159,107639.53,16697.44,22160.63,17234.52,1620
Metropolitan Manila Third District,Caloocan,Barangay 160,467061.5,115923.89,153524.12,174788.84,16520
Metropolitan Manila Third District,Caloocan,Barangay 161,552581.33,124010.64,165055.55,190930.23,7074
Metropolitan Manila Third District,Caloocan,Barangay 162,566962.63,99583.67,144236.85,169397.69,15934
Metropolitan Manila Third District,Caloocan,Barangay 163,594891.95,78163.18,115628.93,122728.38,10530
Metropolitan Manila Third District,Caloocan,Barangay 164,601026.16,117164.62,198612.81,240052.79,17303
Metropolitan Manila Third District,Caloocan,Barangay 165,937139.51,155006.58,202641.32,134272.13,26357
Metropolitan Manila Third District,Caloocan,Barangay 166,1728329.74,266308.19,363251.34,205160.81,19985
Metropolitan Manila Third District,Caloocan,Barangay 167,2873647.42,761759.5,1021413.52,819535.72,57041
Metropolitan Manila Third District,Caloocan,Barangay 168,2158970.41,375646.14,505944.69,332711.12,37998
Metropolitan Manila Third District,Caloocan,Barangay 169,466437.41,100605.33,119137.94,111955.78,3779
Metropolitan Manila Third District,Caloocan,Barangay 170,625075.73,97802.68,123985.16,94065.63,6797
Metropolitan Manila Third District,Caloocan,Barangay 171,6153753.75,1054510.26,1320836.51,1019281.3,111713
Metropolitan Manila Third District,Caloocan,Barangay 172,1324074.5,273468.1,347087.52,303665.98,22572
Metropolitan Manila Third District,Caloocan,Barangay 173,913811.5,192350.42,238545.08,223819.81,14798
Metropolitan Manila Third District,Caloocan,Barangay 174,913096.92,102289.37,124927.94,107283.38,23293
Metropolitan Manila Third District,Caloocan,Barangay 175,2837884.89,507196.68,632947.38,660377.12,71726
Metropolitan Manila Third District,Caloocan,Barangay 176,4539838.68,570131.17,723885.62,456862.98,261729
Metropolitan Manila Third District,Caloocan,Barangay 177,2788163.83,396073.89,486531.41,474807.31,84159
Metropolitan Manila Third District,Caloocan,Barangay 178,2184178.2,271414.43,324475.08,342426.17,110224
Metropolitan Manila Third District,Caloocan,Barangay 179,2943212.76,334999.51,411941.58,387162.37,47395
Metropolitan Manila Third District,Caloocan,Barangay 180,862316.44,75640.61,91122.33,86852.82,13825
Metropolitan Manila Third District,Caloocan,Barangay 181,961735.87,85933.57,116438.46,96120.49,2385
Metropolitan Manila Third District,Caloocan,Barangay 182,840573.62,60518.3,72708.71,65609.47,3688
Metropolitan Manila Third District,Caloocan,Barangay 183,562528.68,42545.38,50315.35,44542.15,6657
Metropolitan Manila Third District,Caloocan,Barangay 184,273200.27,26595.49,32157.72,27895.5,3593
Metropolitan Manila Third District,Caloocan,Barangay 185,702788.54,82819.29,100408.93,89396.29,2138
Metropolitan Manila Third District,Caloocan,Barangay 186,1094175.96,146333.61,180612.99,99088.89,23432
Metropolitan Manila Third District,Caloocan,Barangay 187,639227.28,78876.34,92933.13,95650.11,6657
Metropolitan Manila Third District,Caloocan,Barangay 188,748671.33,94188.01,115958.48,75158.15,2228
Metropolitan Manila Third District,Malabon,Acacia,201704.93,36887.21,53812.59,65356.1,4959
Metropolitan Manila Third District,Malabon,Baritan,344215.47,96768.69,263657,326425.78,12148
Metropolitan Manila Third District,Malabon,Bayan-bayanan,89768.94,15116.08,72062.17,86216.81,6705
Metropolitan Manila Third District,Malabon,Catmon,980329.02,583996.62,748144.18,801801.43,44868
Metropolitan Manila Third District,Malabon,Concepcion,388135.02,169067.93,277484.39,333760.2,12704
Metropolitan Manila Third District,Malabon,Dampalit,2363011.21,1491632.15,1807978.57,2073013.2,13514
Metropolitan Manila Third District,Malabon,Flores,127600.94,23008.15,37624.37,88269.72,3830
Metropolitan Manila Third District,Malabon,Hulong Duhat,548568.63,157285.98,410051.81,511595.68,11892
Metropolitan Manila Third District,Malabon,Ibaba,186469.34,100578.43,176542.4,183728.11,8041
Metropolitan Manila Third District,Malabon,Longos,910427.36,341763.04,653166.52,784476.2,55424
Metropolitan Manila Third District,Malabon,Maysilo,1029415.08,736644.34,889579.12,932035.32,10445
Metropolitan Manila Third District,Malabon,Muzon,330942.68,184167.46,318365.57,325820.11,5908
Metropolitan Manila Third District,Malabon,Niugan,395962.98,312449.96,380421.02,393140.37,7192
Metropolitan Manila Third District,Malabon,Panghulo,1755518.88,1084425.38,1486612.01,1543518.31,17746
Metropolitan Manila Third District,Malabon,Potrero,2805813.57,825625.15,959590.36,1054268.78,42311
Metropolitan Manila Third District,Malabon,San Agustin,334964.22,126298.03,297037.61,325162.1,10804
Metropolitan Manila Third District,Malabon,Santolan,486902.5,221255.17,368135.01,281278.81,13461
Metropolitan Manila Third District,Malabon,Tinajeros,926173.58,641435.6,776319.76,823559.41,18411
Metropolitan Manila Third District,Malabon,Tonsuya,556731.82,331320.42,462406.82,479735.81,40172
Metropolitan Manila Third District,Malabon,Tugatog,608532.11,132637.19,180652.98,210953.28,25526
Metropolitan Manila Third District,Navotas,Sipac-Almacen,222320.89,63770.55,106151.37,156771.13,9163
Metropolitan Manila Third District,Navotas,Bagumbayan North,67641.94,6484.1,10120.02,20318.98,1677
Metropolitan Manila Third District,Navotas,Bagumbayan South,71671.78,25606.47,40923.44,59254.6,4331
Metropolitan Manila Third District,Navotas,Bangculasi,239327.13,83569.46,144002.3,181625.7,8344
Metropolitan Manila Third District,Navotas,Daanghari,318462.88,99144.33,147729.84,185435.91,14348
Metropolitan Manila Third District,Navotas,Navotas East,66195.24,16502.51,36219.43,58465.88,2126
Metropolitan Manila Third District,Navotas,Navotas West,58108.79,3064.67,6713.41,22925.08,6367
Metropolitan Manila Third District,Navotas,NBBS Kaunlaran,878236.25,287596.95,466689.09,512468.7,21916
Metropolitan Manila Third District,Navotas,San Rafael Village,428693.2,337794.57,414106.4,400681.98,3489
Metropolitan Manila Third District,Navotas,San Roque,300373.07,78552.07,118022.19,155658.94,19361
Metropolitan Manila Third District,Navotas,Tangos South,163447.4,14541.7,24849.25,33190.24,18359
Metropolitan Manila Third District,Navotas,Tanza 1,5093668.55,2265164.91,3399626.03,3962080.85,15319
Metropolitan Manila Third District,Navotas,NBBS Dagat-dagatan,407710.64,196637.9,352847.6,389170.07,32681
Metropolitan Manila Third District,Navotas,NBBS Proper,370481.37,58273.66,88076.66,100431.35,18217
Metropolitan Manila Third District,Navotas,Tangos North,218928.73,62925.69,82981.37,101049.12,17514
Metropolitan Manila Third District,Navotas,Tanza 2,662937.72,244135.14,409387.49,535938.68,15638
Metropolitan Manila Third District,Valenzuela,Arkong Bato,377471.32,170122.4,261124.56,185602.22,11358
Metropolitan Manila Third District,Valenzuela,Bagbaguin,1056222.7,200024.83,261837.74,181429.92,15195
Metropolitan Manila Third District,Valenzuela,Balangkas,1229032.29,493662.7,710844.44,541483.77,14318
Metropolitan Manila Third District,Valenzuela,Parada,1457832.58,438743.47,580243.08,441423.92,21001
Metropolitan Manila Third District,Valenzuela,Bignay,3328485.97,1010783.13,1348505.45,359297.9,49716
Metropolitan Manila Third District,Valenzuela,Bisig,147408.03,55795.66,96261.54,96517.01,1432
Metropolitan Manila Third District,Valenzuela,Karuhatan,1902160.36,341318.44,483995.34,311269.48,41275
Metropolitan Manila Third District,Valenzuela,Coloong,1966735.39,1455056.77,1735688.8,905975.27,12550
Metropolitan Manila Third District,Valenzuela,Dalandanan,1198989.32,423788.29,668176.3,345407.33,23640
Metropolitan Manila Third District,Valenzuela,Gen. T. de Leon,3396787.28,523152.22,734534.21,587509.87,95809
Metropolitan Manila Third District,Valenzuela,Isla,469578.29,285005.47,372491.54,330489,5160
Metropolitan Manila Third District,Valenzuela,Lawang Bato,2731405.93,690038.95,903444.23,580431.51,23786
Metropolitan Manila Third District,Valenzuela,Lingunan,1997989.19,829657.8,978918.51,730065.95,24088
Metropolitan Manila Third District,Valenzuela,Mabolo,93163.1,26109.67,61937.25,37548.46,831
Metropolitan Manila Third District,Valenzuela,Malanday,2199108.03,1526393.59,1885991.27,493563.24,19060
Metropolitan Manila Third District,Valenzuela,Malinta,2064681.12,723495.96,868105.94,721471.22,52107
Metropolitan Manila Third District,Valenzuela,Mapulang Lupa,1428843.41,291205.77,385981.09,274326.91,30360
Metropolitan Manila Third District,Valenzuela,Marulas,2502490.27,867297.32,1013000.46,1086727.44,59339
Metropolitan Manila Third District,Valenzuela,Maysan,2138068.52,926187.94,1171883.75,1003747.3,23081
Metropolitan Manila Third District,Valenzuela,Palasan,310632.32,136817.15,216082.23,185405.2,6598
Metropolitan Manila Third District,Valenzuela,Pariancillo Villa,106633.1,39283.56,57376.26,35836.62,1949
Metropolitan Manila Third District,Valenzuela,Paso de Blas,1416023.38,478581.79,605912.48,494854.28,12530
Metropolitan Manila Third District,Valenzuela,Pasolo,487184.64,247592.54,399615.84,320352.19,8150
Metropolitan Manila Third District,Valenzuela,Poblacion,35528.43,8235.69,16069.12,9909.01,221
Metropolitan Manila Third District,Valenzuela,Pulo,50490.11,22063.18,39254.03,27657.41,1126
Metropolitan Manila Third District,Valenzuela,Punturin,1813902.88,390518.76,506586.48,178111.72,24437
Metropolitan Manila Third District,Valenzuela,Rincon,404100.88,207275.11,282614.86,185695.24,6940
Metropolitan Manila Third District,Valenzuela,Tagalag,1347905.18,979948.07,1206582.07,1041194.65,3400
Metropolitan Manila Third District,Valenzuela,Ugong,3346327,594788.51,885875.5,912347.25,55494
Metropolitan Manila Third District,Valenzuela,Viente Reales,1946302.43,934057.94,1151963.15,1121453.01,24399
Metropolitan Manila Third District,Valenzuela,Wawang Pulo,443341.12,246645.08,293236.96,248431.5,4070
Metropolitan Manila Fourth District,Las Piñas,Almanza Uno,2341432.79,455246.26,621360.93,734137.03,36232
Metropolitan Manila Fourth District,Las Piñas,Daniel Fajardo,320537.26,76730.47,115758.54,142670.38,10629
Metropolitan Manila Fourth District,Las Piñas,Elias Aldana,407803.13,111849.07,169080.81,211475.08,10275
Metropolitan Manila Fourth District,Las Piñas,Ilaya,140474.28,45349.7,71373.71,82972.72,7103
Metropolitan Manila Fourth District,Las Piñas,Manuyo Uno,1095336.15,394460.67,573108.71,661885.61,14794
Metropolitan Manila Fourth District,Las Piñas,Pamplona Uno,822621.13,378931.31,448911.22,493605.97,19085
Metropolitan Manila Fourth District,Las Piñas,Pulang Lupa Uno,1428845.05,912398.1,1061824.7,1113162.96,38405
Metropolitan Manila Fourth District,Las Piñas,Talon Uno,1197652.88,200955.72,277028.64,330980.74,42505
Metropolitan Manila Fourth District,Las Piñas,Zapote,597325.16,439005.99,502543.16,523992.52,20851
Metropolitan Manila Fourth District,Las Piñas,Almanza Dos,4850503.77,658275.94,855956.28,1069223.08,37432
Metropolitan Manila Fourth District,Las Piñas,B. F. International Village,2394345.18,477678.66,663733.87,819640.26,81739
Metropolitan Manila Fourth District,Las Piñas,Manuyo Dos,1691172.62,454643.73,616743.29,733708.61,44351
Metropolitan Manila Fourth District,Las Piñas,Pamplona Dos,1127101.86,528469.31,622726.64,685528.38,9141
Metropolitan Manila Fourth District,Las Piñas,Pamplona Tres,2344038.41,712122.82,954488.86,1107113.51,35098
Metropolitan Manila Fourth District,Las Piñas,Pilar,1934784.22,332508.78,472431.11,573735.71,29780
Metropolitan Manila Fourth District,Las Piñas,Pulang Lupa Dos,1989645.54,834718.16,1099773.19,1242707.39,32485
Metropolitan Manila Fourth District,Las Piñas,Talon Dos,4101608.35,1026514.36,1342088.73,1623792.67,43978
Metropolitan Manila Fourth District,Las Piñas,Talon Tres,1493789.36,383717.88,531542.77,623436.6,32963
Metropolitan Manila Fourth District,Las Piñas,Talon Kuatro,710505,165412.91,229243.63,266203.67,20763
Metropolitan Manila Fourth District,Las Piñas,Talon Singko,1764334.03,325876.79,424464.68,510939.59,38684
Metropolitan Manila Fourth District,Makati,Bangkal,894842.99,432151,569716.09,623217.67,21650
Metropolitan Manila Fourth District,Makati,Bel-Air,1716539.95,347712.6,479494.98,472452.57,23685
Metropolitan Manila Fourth District,Makati,Cembo,432596.19,95139.43,115788.06,140810.96,25049
Metropolitan Manila Fourth District,Makati,Comembo,307805.93,87826.37,118492.27,148639.09,15805
Metropolitan Manila Fourth District,Makati,Carmona,366995.16,132486.14,184810.67,173496.03,3109
Metropolitan Manila Fourth District,Makati,Dasmariñas,1960703.3,412708.91,564591.62,663764.48,5589
Metropolitan Manila Fourth District,Makati,East Rembo,538605.97,75490.96,99391.46,160419.6,26448
Metropolitan Manila Fourth District,Makati,Forbes Park,2478786.66,362199.91,459072.19,469651.38,2533
Metropolitan Manila Fourth District,Makati,Guadalupe Nuevo,577481.82,63736.8,78529.25,90811.89,18271
Metropolitan Manila Fourth District,Makati,Guadalupe Viejo,555251.52,162969.06,230538.47,294782.87,13415
Metropolitan Manila Fourth District,Makati,Kasilawan,101521.95,96726.7,101521.95,91944.03,5291
Metropolitan Manila Fourth District,Makati,La Paz,250211.99,122665.22,157904.28,153719.8,7931
Metropolitan Manila Fourth District,Makati,Magallanes,1222363.57,387850.16,540453.27,637196.13,5576
Metropolitan Manila Fourth District,Makati,Olympia,458554.74,217356.26,277209.42,308810.12,21270
Metropolitan Manila Fourth District,Makati,Palanan,643721.65,394859.51,544132.29,519836.75,17283
Metropolitan Manila Fourth District,Makati,Pembo,727566.63,172448.52,229496.83,268573.89,44506
Metropolitan Manila Fourth District,Makati,Pinagkaisahan,155635.31,55941.52,66515.69,77188.97,5804
Metropolitan Manila Fourth District,Makati,Pio del Pilar,917089.9,469866.9,654361.69,565851.49,50722
Metropolitan Manila Fourth District,Makati,Pitogo,172056.92,28062.11,33542.45,33323.95,14654
Metropolitan Manila Fourth District,Makati,Poblacion,1033605.59,236745.36,302816.69,357960.11,17120
Metropolitan Manila Fourth District,Makati,Post Proper Northside,2272451.72,319366.22,444990.25,477165.56,57940
Metropolitan Manila Fourth District,Makati,Post Proper Southside,755035.88,55593.63,70799.3,81864.35,63308
Metropolitan Manila Fourth District,Makati,San Antonio,917827.26,343092.03,479934.84,531298.77,11443
Metropolitan Manila Fourth District,Makati,San Isidro,472896.16,289036.45,408772.43,360644.51,8013
Metropolitan Manila Fourth District,Makati,San Lorenzo,1709221.07,403453.37,581902.95,571802.16,12999
Metropolitan Manila Fourth District,Makati,Santa Cruz,476648.51,90303.79,127619.63,114077.16,7440
Metropolitan Manila Fourth District,Makati,Singkamas,133898.1,18655.96,32859.05,48404.93,7184
Metropolitan Manila Fourth District,Makati,South Cembo,215545.02,45893.61,51462.81,47794.47,14978
Metropolitan Manila Fourth District,Makati,Tejeros,284893.35,142040.13,189857.21,192577.57,13868
Metropolitan Manila Fourth District,Makati,Urdaneta,739413.16,282381.88,359605.13,368392.19,4429
Metropolitan Manila Fourth District,Makati,Valenzuela,238026.75,95810.23,125755.65,143040.02,7261
Metropolitan Manila Fourth District,Makati,West Rembo,611595.91,145554.67,169829.35,144180.46,29649
Metropolitan Manila Fourth District,Makati,Rizal,632142.23,442982.78,550511.69,581832.37,44536
Metropolitan Manila Fourth District,Muntinlupa,Alabang,3944019.87,1144888.25,1519257.35,1773262.74,71075
Metropolitan Manila Fourth District,Muntinlupa,Bayanan,916486.81,227187.65,342328.21,439908.55,39150
Metropolitan Manila Fourth District,Muntinlupa,Buli,659811.92,205265,309143.01,369103.54,13341
Metropolitan Manila Fourth District,Muntinlupa,Cupang,4915525.24,1404890.48,1763410.1,1950367.41,57196
Metropolitan Manila Fourth District,Muntinlupa,Poblacion,6559025.03,574943.32,746886.21,1712915.08,120115
Metropolitan Manila Fourth District,Muntinlupa,Putatan,4288704.3,743977.15,966807.68,1501368.38,99725
Metropolitan Manila Fourth District,Muntinlupa,Sucat,2665322.85,660755.41,887618.7,1038856.79,56354
Metropolitan Manila Fourth District,Muntinlupa,Tunasan,8483481.66,615396.66,815882.93,2914008.82,61374
Metropolitan Manila Fourth District,Muntinlupa,New Alabang Village,6752024.74,1008210.96,1331118.5,1564418.17,25115
Metropolitan Manila Fourth District,Parañaque,Baclaran,1588738.95,526000.61,778836.18,1040892.88,33850
Metropolitan Manila Fourth District,Parañaque,Don Galo,1522225.78,300058.23,474630.39,563163.1,10550
Metropolitan Manila Fourth District,Parañaque,La Huerta,196023.87,109292.88,155966.7,165366.69,8592
Metropolitan Manila Fourth District,Parañaque,San Dionisio,3906936.56,1659563.69,2347890.99,3231566.99,72522
Metropolitan Manila Fourth District,Parañaque,Santo Niño,2412716.4,1110455.71,1592025.58,1757548.32,28925
Metropolitan Manila Fourth District,Parañaque,Tambo,3707861.19,1214972.5,1713313.11,2176109.98,26928
Metropolitan Manila Fourth District,Parañaque,B. F. Homes,7424629.74,1181878.18,1612830.7,2201368.34,92752
Metropolitan Manila Fourth District,Parañaque,Don Bosco,3845728.48,620494.67,818218.21,969455.28,54188
Metropolitan Manila Fourth District,Parañaque,Marcelo Green Village,3072286.74,418833.12,567207.82,678098.5,37574
Metropolitan Manila Fourth District,Parañaque,Merville,2502238.24,582688.12,756482.63,861630.36,26615
Metropolitan Manila Fourth District,Parañaque,Moonwalk,3996940.13,1860798.65,2268104.19,2531753.84,72520
Metropolitan Manila Fourth District,Parañaque,San Antonio,2906751.22,592838.08,762523.35,882616.79,70134
Metropolitan Manila Fourth District,Parañaque,San Isidro,3643986.43,1196272.17,1526535.93,1788899.46,79372
Metropolitan Manila Fourth District,Parañaque,San Martin de Porres,1598671.71,211032.78,268634.3,313312.96,20283
Metropolitan Manila Fourth District,Parañaque,Sun Valley,2309178.69,342389.07,452536.45,538545.32,50087
Metropolitan Manila Fourth District,Parañaque,Vitalez,208185.69,100114.57,121716.08,129324.04,5100
Metropolitan Manila Fourth District,Pasay,Barangay 1,25324.1,3165.27,5489.18,7195.31,2275
Metropolitan Manila Fourth District,Pasay,Barangay 2,27705.5,4782.23,10669.34,11961.06,1327
Metropolitan Manila Fourth District,Pasay,Barangay 3,20197.12,7669.84,12055.49,11638.97,824
Metropolitan Manila Fourth District,Pasay,Barangay 4,30841.47,14866.16,20380.44,18108.42,2086
Metropolitan Manila Fourth District,Pasay,Barangay 5,14147.95,3183.52,5052.55,6468.29,6081
Metropolitan Manila Fourth District,Pasay,Barangay 6,15728.46,4487.71,7159.16,7844.95,463
Metropolitan Manila Fourth District,Pasay,Barangay 7,26794.29,7174.49,13152.93,11569.87,2676
Metropolitan Manila Fourth District,Pasay,Barangay 8,21861.84,10038.22,13111.17,13514.21,1160
Metropolitan Manila Fourth District,Pasay,Barangay 9,17502.39,4687.36,6226.23,6317.03,257
Metropolitan Manila Fourth District,Pasay,Barangay 10,28675.35,10476.77,13598.84,15128.04,1405
Metropolitan Manila Fourth District,Pasay,Barangay 11,20479.88,7311.33,12306.5,14504.99,408
Metropolitan Manila Fourth District,Pasay,Barangay 12,20320.64,5184.25,9790.79,12063.89,540
Metropolitan Manila Fourth District,Pasay,Barangay 13,150744.8,47382.14,61942,66150.59,2646
Metropolitan Manila Fourth District,Pasay,Barangay 14,26564.21,117.74,571.39,2705.44,4769
Metropolitan Manila Fourth District,Pasay,Barangay 15,23866.26,7285.43,11279.86,12220.78,2328
Metropolitan Manila Fourth District,Pasay,Barangay 16,15336.79,1011.48,2242.75,2993.47,424
Metropolitan Manila Fourth District,Pasay,Barangay 17,12043.8,1907.16,5235.56,7951.24,985
Metropolitan Manila Fourth District,Pasay,Barangay 18,34819.28,5345.57,9481.86,10848.19,1019
Metropolitan Manila Fourth District,Pasay,Barangay 19,10696.45,1482.02,2940.37,5219.67,812
Metropolitan Manila Fourth District,Pasay,Barangay 20,32686.21,5615.49,11699.9,13095.1,623
Metropolitan Manila Fourth District,Pasay,Barangay 21,17554.01,6759.52,9036.81,9057.22,790
Metropolitan Manila Fourth District,Pasay,Barangay 22,11054.25,1556.6,2938.53,4847.57,714
Metropolitan Manila Fourth District,Pasay,Barangay 23,46381.87,6778.74,12898.21,12974.73,1419
Metropolitan Manila Fourth District,Pasay,Barangay 24,21061.13,4466.37,7830.78,7872.25,704
Metropolitan Manila Fourth District,Pasay,Barangay 25,27371.59,4213.33,6384.96,6825.29,595
Metropolitan Manila Fourth District,Pasay,Barangay 26,19613.81,1732.58,2440.5,3103.34,932
Metropolitan Manila Fourth District,Pasay,Barangay 27,19438.81,1618.42,2640.26,3618.93,273
Metropolitan Manila Fourth District,Pasay,Barangay 28,30817.25,3119.35,6193.73,7286.48,1237
Metropolitan Manila Fourth District,Pasay,Barangay 29,24657.76,2190.09,5371.6,5079.03,1429
Metropolitan Manila Fourth District,Pasay,Barangay 30,12842.74,100,797.73,2513.09,964
Metropolitan Manila Fourth District,Pasay,Barangay 31,30094.41,10649.6,14661.76,13826.56,3544
Metropolitan Manila Fourth District,Pasay,Barangay 32,30810.41,10008.72,15594.65,15982.81,1906
Metropolitan Manila Fourth District,Pasay,Barangay 33,68761.5,52791.52,66236.47,66666.21,983
Metropolitan Manila Fourth District,Pasay,Barangay 34,30107.33,15729,27524.92,29043.78,939
Metropolitan Manila Fourth District,Pasay,Barangay 35,35058.89,14866.16,24322.25,27959.72,600
Metropolitan Manila Fourth District,Pasay,Barangay 36,34539.36,21981.92,27539.36,27839.36,3799
Metropolitan Manila Fourth District,Pasay,Barangay 37,49887.25,31262.19,36943.12,38083.59,1529
Metropolitan Manila Fourth District,Pasay,Barangay 38,83451.09,26721.63,42224.18,51520.06,1967
Metropolitan Manila Fourth District,Pasay,Barangay 39,60469.35,27014.78,35925.29,40042.87,1290
Metropolitan Manila Fourth District,Pasay,Barangay 40,55486.59,10090.33,19767.84,23435.69,2311
Metropolitan Manila Fourth District,Pasay,Barangay 41,38081.05,14830.1,32320.02,36007.8,1591
Metropolitan Manila Fourth District,Pasay,Barangay 42,27892.05,2522.56,13169.69,18071.39,1826
Metropolitan Manila Fourth District,Pasay,Barangay 43,16676.15,12419.49,16476.15,16143.51,2620
Metropolitan Manila Fourth District,Pasay,Barangay 44,56596.42,17563.32,42095.09,49635.75,1417
Metropolitan Manila Fourth District,Pasay,Barangay 45,30583.59,9786.79,24286.15,26273.98,1672
Metropolitan Manila Fourth District,Pasay,Barangay 46,38126,19126.45,32376.96,26714.53,5783
Metropolitan Manila Fourth District,Pasay,Barangay 47,53326.52,22238.76,41288.64,44406.26,1207
Metropolitan Manila Fourth District,Pasay,Barangay 48,19304.6,2062.98,10818.83,11484.16,509
Metropolitan Manila Fourth District,Pasay,Barangay 49,36198.76,12653.28,18467.87,20888.52,290
Metropolitan Manila Fourth District,Pasay,Barangay 50,6351.45,0,2440.98,1864.49,478
Metropolitan Manila Fourth District,Pasay,Barangay 51,24062.27,15529.48,20324.66,19124.73,2159
Metropolitan Manila Fourth District,Pasay,Barangay 52,28594.95,7431.51,15441.81,13947.25,2392
Metropolitan Manila Fourth District,Pasay,Barangay 53,13126.18,800,7802.91,7154.57,788
Metropolitan Manila Fourth District,Pasay,Barangay 54,9338.41,4001.99,8663.28,7562.65,1479
Metropolitan Manila Fourth District,Pasay,Barangay 55,20741.77,6853.64,12033.84,12704.85,832
Metropolitan Manila Fourth District,Pasay,Barangay 56,11147.06,38.49,5504.72,5206.08,855
Metropolitan Manila Fourth District,Pasay,Barangay 57,21213.43,12376.99,21069.81,19980.52,1361
Metropolitan Manila Fourth District,Pasay,Barangay 58,37841.19,15940.17,23569.5,23422.03,1382
Metropolitan Manila Fourth District,Pasay,Barangay 59,44371.95,12579.92,19787.05,22748.88,1657
Metropolitan Manila Fourth District,Pasay,Barangay 60,36118.14,6021.16,13040.33,13115.95,1393
Metropolitan Manila Fourth District,Pasay,Barangay 76,4263920.32,1150515.97,1783964.56,2216825.88,19604
Metropolitan Manila Fourth District,Pasay,Barangay 100,35487.49,12832.13,30754.25,35484.47,1223
Metropolitan Manila Fourth District,Pasay,Barangay 101,14121.98,6134.34,9799.3,12118.71,550
Metropolitan Manila Fourth District,Pasay,Barangay 102,9762.54,955.01,2757.26,5807.51,826
Metropolitan Manila Fourth District,Pasay,Barangay 103,21496.52,1995.19,3355.57,11005.38,949
Metropolitan Manila Fourth District,Pasay,Barangay 104,19819.35,5103.77,8764.41,15510.86,1127
Metropolitan Manila Fourth District,Pasay,Barangay 105,9488.08,2687.12,4055.31,4083.91,567
Metropolitan Manila Fourth District,Pasay,Barangay 106,11845.59,2790.5,4911.8,3400.76,1158
Metropolitan Manila Fourth District,Pasay,Barangay 107,25623.74,6639.8,10644.64,8187.5,1561
Metropolitan Manila Fourth District,Pasay,Barangay 108,30440.01,7643.17,11921.8,9755.35,2070
Metropolitan Manila Fourth District,Pasay,Barangay 109,9543.06,3642.17,4958.18,3492.16,1122
Metropolitan Manila Fourth District,Pasay,Barangay 110,18819.3,430.47,713.25,1507.78,1827
Metropolitan Manila Fourth District,Pasay,Barangay 111,16249.36,742.25,5088.22,13717.19,1279
Metropolitan Manila Fourth District,Pasay,Barangay 112,14529.9,3799.38,12792.32,14329.9,640
Metropolitan Manila Fourth District,Pasay,Barangay 113,29599.42,1518.64,19818.05,29399.42,1800
Metropolitan Manila Fourth District,Pasay,Barangay 114,24076.92,12772.55,23176.92,24076.92,1050
Metropolitan Manila Fourth District,Pasay,Barangay 115,41054.74,19938.71,32062.35,39554.74,1240
Metropolitan Manila Fourth District,Pasay,Barangay 116,11629,380.45,5560.89,10829,1205
Metropolitan Manila Fourth District,Pasay,Barangay 117,8097.79,4283.51,7997.79,8097.79,935
Metropolitan Manila Fourth District,Pasay,Barangay 118,26062.37,4360.71,23437.33,26062.37,1634
Metropolitan Manila Fourth District,Pasay,Barangay 119,26247.16,4726.27,22785.61,26147.16,1622
Metropolitan Manila Fourth District,Pasay,Barangay 120,31383.34,12177.16,19953.73,12664.07,332
Metropolitan Manila Fourth District,Pasay,Barangay 121,20465.71,4877.19,12193.94,6428.23,1007
Metropolitan Manila Fourth District,Pasay,Barangay 122,13210.45,3022.85,5273.81,5307.42,1184
Metropolitan Manila Fourth District,Pasay,Barangay 123,15224,1608.35,10445.08,8908.51,1284
Metropolitan Manila Fourth District,Pasay,Barangay 124,19381.67,859.33,7819.67,17345.7,1666
Metropolitan Manila Fourth District,Pasay,Barangay 125,24258.72,2137.66,19042.64,24214.77,1508
Metropolitan Manila Fourth District,Pasay,Barangay 126,12812.9,8382.91,12812.9,12812.9,725
Metropolitan Manila Fourth District,Pasay,Barangay 127,26416.78,5696.14,21867.31,9945.96,1799
Metropolitan Manila Fourth District,Pasay,Barangay 128,20369.64,13855.6,19193.38,13887.75,1634
Metropolitan Manila Fourth District,Pasay,Barangay 129,13003.85,2324.14,8773.6,2565.31,1209
Metropolitan Manila Fourth District,Pasay,Barangay 130,29315.1,4827.63,24385.02,6952.31,4042
Metropolitan Manila Fourth District,Pasay,Barangay 131,30679.81,8269.63,25307.23,26968.47,1427
Metropolitan Manila Fourth District,Pasay,Barangay 132,27278.3,9250.34,19313.04,19911.21,5088
Metropolitan Manila Fourth District,Pasay,Barangay 133,22128.43,17868.4,21528.43,22128.43,2221
Metropolitan Manila Fourth District,Pasay,Barangay 134,12315.05,7713.98,11415.05,12015.05,1686
Metropolitan Manila Fourth District,Pasay,Barangay 135,40667.57,30439.59,36168.5,38168.5,2768
Metropolitan Manila Fourth District,Pasay,Barangay 136,31355.98,27981.06,30968.99,31355.98,2167
Metropolitan Manila Fourth District,Pasay,Barangay 137,25861.35,25577.43,25861.35,25861.35,2994
Metropolitan Manila Fourth District,Pasay,Barangay 138,14661.3,14336.22,14648.3,14661.3,1031
Metropolitan Manila Fourth District,Pasay,Barangay 139,12115.8,11391.38,12115.8,12115.8,1065
Metropolitan Manila Fourth District,Pasay,Barangay 140,11565.47,9260.59,11165.47,11565.47,590
Metropolitan Manila Fourth District,Pasay,Barangay 141,16705.39,5164.96,10796.07,14850.19,465
Metropolitan Manila Fourth District,Pasay,Barangay 142,11397.9,4071.5,7467.32,9537.22,318
Metropolitan Manila Fourth District,Pasay,Barangay 143,61544.15,11144.12,14886.51,19302.84,1390
Metropolitan Manila Fourth District,Pasay,Barangay 144,54914.5,34876.63,49324.98,53542.32,2212
Metropolitan Manila Fourth District,Pasay,Barangay 145,68988.51,62849.91,67822.3,68122.31,8758
Metropolitan Manila Fourth District,Pasay,Barangay 146,44843.11,28053.16,37409.31,40209.3,1036
Metropolitan Manila Fourth District,Pasay,Barangay 147,34881.26,30392.38,33781.26,34181.26,1459
Metropolitan Manila Fourth District,Pasay,Barangay 148,93049.23,57608.46,90249.23,93049.23,3164
Metropolitan Manila Fourth District,Pasay,Barangay 149,11953.26,11953.26,11953.26,11953.26,768
Metropolitan Manila Fourth District,Pasay,Barangay 150,19157.55,16534.28,19157.55,19157.55,662
Metropolitan Manila Fourth District,Pasay,Barangay 151,16037.38,10078.28,15911.71,16037.38,1175
Metropolitan Manila Fourth District,Pasay,Barangay 152,41293.87,23705.73,35091.23,37290.73,1219
Metropolitan Manila Fourth District,Pasay,Barangay 153,24309.19,20405.11,24209.19,24309.19,1367
Metropolitan Manila Fourth District,Pasay,Barangay 154,5237.47,5237.47,5237.47,5237.47,743
Metropolitan Manila Fourth District,Pasay,Barangay 155,28164.88,28164.88,28164.88,28164.88,916
Metropolitan Manila Fourth District,Pasay,Barangay 156,26559.07,26238.56,26559.07,26559.07,3540
Metropolitan Manila Fourth District,Pasay,Barangay 157,14202.79,9302.79,10902.79,12202.79,2242
Metropolitan Manila Fourth District,Pasay,Barangay 158,18776.39,13967.82,16280.32,17167.4,961
Metropolitan Manila Fourth District,Pasay,Barangay 159,30661.13,21189.1,28649.78,30365.72,1301
Metropolitan Manila Fourth District,Pasay,Barangay 160,18626.63,18200.16,18626.63,18626.63,1245
Metropolitan Manila Fourth District,Pasay,Barangay 161,57666.8,56356.21,57666.8,57666.8,2834
Metropolitan Manila Fourth District,Pasay,Barangay 162,32409.36,31709.36,32409.36,32409.36,1898
Metropolitan Manila Fourth District,Pasay,Barangay 163,16070.72,16070.72,16070.72,16070.72,1467
Metropolitan Manila Fourth District,Pasay,Barangay 164,14410.43,14410.43,14410.43,14410.43,1749
Metropolitan Manila Fourth District,Pasay,Barangay 165,73773.64,73673.64,73773.64,73773.64,5472
Metropolitan Manila Fourth District,Pasay,Barangay 166,21250.26,18243.25,20709.92,21250.26,1190
Metropolitan Manila Fourth District,Pateros,Aguho,185890.71,64075.95,94374.12,126768.01,7322
Metropolitan Manila Fourth District,Pateros,Magtanggol,73004.2,17293.53,24136.23,30072.56,1388
Metropolitan Manila Fourth District,Pateros,Martires del 96,129678.72,45502.62,102477.16,120670.79,5027
Metropolitan Manila Fourth District,Pateros,Poblacion,65051.03,31393.25,39884.26,45408.8,2000
Metropolitan Manila Fourth District,Pateros,San Pedro,88395.13,32482.55,43226.57,48462.9,2218
Metropolitan Manila Fourth District,Pateros,San Roque,182750.78,39528.09,91609.29,120486.48,4749
Metropolitan Manila Fourth District,Pateros,Santa Ana,539548.72,185995.12,327427.33,421028.66,29680
Metropolitan Manila Fourth District,Pateros,Santo Rosario-Kanluran,115650.35,37497.88,49450.07,60565.08,5345
Metropolitan Manila Fourth District,Pateros,Santo Rosario-Silangan,144538.29,39352.17,54439.86,68728.88,4693
Metropolitan Manila Fourth District,Pateros,Tabacalera,85229.8,11252.87,16938.24,20037.1,2805
Metropolitan Manila Fourth District,Taguig,Bagumbayan,2260867.57,405719.66,583336.91,692731.96,49319
Metropolitan Manila Fourth District,Taguig,Bambang,423517.04,130681.9,199558.91,238544.64,13949
Metropolitan Manila Fourth District,Taguig,Calzada,1796790.64,682068.75,943213.56,1201627.11,28660
Metropolitan Manila Fourth District,Taguig,Hagonoy,2365581.45,700979.75,921617.65,1047236.47,18652
Metropolitan Manila Fourth District,Taguig,Ibayo-Tipas,877871.56,268374.92,394159.12,479815.11,25769
Metropolitan Manila Fourth District,Taguig,Ligid-Tipas,485000.42,172459.12,240614.85,320368.03,12360
Metropolitan Manila Fourth District,Taguig,Lower Bicutan,1249448,171371.46,217159.43,249671.73,60376
Metropolitan Manila Fourth District,Taguig,Maharlika Village,466343.9,184442.92,206120.18,218471.03,23483
Metropolitan Manila Fourth District,Taguig,Napindan,2098179.68,755143.85,1034987.72,1240410.57,23933
Metropolitan Manila Fourth District,Taguig,Palingon,1424429.3,668226.76,920215.54,1093005.77,14392
Metropolitan Manila Fourth District,Taguig,Santa Ana,1918064.29,779314.72,1295834.15,1512043.76,19717
Metropolitan Manila Fourth District,Taguig,Tuktukan,334411.35,147447.64,218460.44,254402.68,13277
Metropolitan Manila Fourth District,Taguig,Upper Bicutan,457950.47,55731.31,65322.78,72396.83,45422
Metropolitan Manila Fourth District,Taguig,Ususan,1815894.85,832786.79,1118131.29,1226960.64,53956
Metropolitan Manila Fourth District,Taguig,Wawa,1026843.12,387015.41,538821.81,604275.28,14350
Metropolitan Manila Fourth District,Taguig,Western Bicutan,6411988.3,1230489.96,1613229.41,1846790.29,87508
Metropolitan Manila Fourth District,Taguig,Central Bicutan,857291.8,80837.6,103094.83,113922.02,33851
Metropolitan Manila Fourth District,Taguig,Fort Bonifacio,1515006.99,409152.93,483319.12,528508.64,11728
Metropolitan Manila Fourth District,Taguig,Katuparan,382734.16,96994.7,133911.84,161102.84,27916
Metropolitan Manila Fourth District,Taguig,New Lower Bicutan,1167909.5,263131.11,292244.79,308505.75,55928
Metropolitan Manila Fourth District,Taguig,North Daang Hari,109187.58,9516.01,11771.62,13041.08,13156
Metropolitan Manila Fourth District,Taguig,North Signal Village,529631.05,89866.88,110390.09,125739.97,34634
Metropolitan Manila Fourth District,Taguig,Pinagsama,2819241.08,809027.95,989443.01,1089950.53,56835
Metropolitan Manila Fourth District,Taguig,San Miguel,768478.18,332610.76,469211.85,510645.6,11822
Metropolitan Manila Fourth District,Taguig,South Daang Hari,235475.36,15789.25,19997.48,23996.42,22849
Metropolitan Manila Fourth District,Taguig,South Signal Village,648780.62,69934.56,87843.18,99618.32,42562
